Date,Open,High,Low,Close,Volume,Dividends,Stock Splits,Return,Volume_MA20,Price_MA50,Volatility_20
2024-07-01 00:00:00-04:00,23.53509315853617,23.667248819497168,22.981212221362554,23.010364532470703,976600,0.0,0.0,,,,
2024-07-02 00:00:00-04:00,23.000643636282817,23.340746467748826,22.893753698373445,23.165836334228516,802800,0.0,0.0,0.006756598816086701,,,
2024-07-03 00:00:00-04:00,23.1658419751811,23.491367805846057,23.088104325066197,23.3504695892334,551600,0.0,0.0,0.007970066452212654,,,
2024-07-05 00:00:00-04:00,23.31159975970518,23.31159975970518,22.913194072518888,23.088104248046875,904400,0.0,0.0,-0.011235977083197346,,,
2024-07-08 00:00:00-04:00,23.097817687314897,23.160978242667753,22.364167006237277,22.786867141723633,852700,0.0,0.0,-0.013047286303236705,,,
2024-07-09 00:00:00-04:00,22.57309178319774,22.65082943520166,22.0289282191703,22.242706298828125,791400,0.0,0.0,-0.02388045884109835,,,
2024-07-10 00:00:00-04:00,22.39818109122957,22.718849130097706,22.339878316911307,22.679981231689453,563900,0.0,0.0,0.019659250407148887,,,
2024-07-11 00:00:00-04:00,22.922911586895566,23.403912717790323,22.670263760669204,23.3504695892334,427500,0.0,0.0,0.02956300319186811,,,
2024-07-12 00:00:00-04:00,23.467074713833057,23.729439973261364,23.360186605238066,23.603116989135742,589100,0.0,0.0,0.010819799530662921,,,
2024-07-15 00:00:00-04:00,23.739154815673828,24.166712763544993,23.56424466184419,23.739154815673828,637400,0.0,0.0,0.005763553457820869,,,
2024-07-16 00:00:00-04:00,23.846046994508143,24.613706031665092,23.846046994508143,24.565120697021484,590800,0.0,0.0,0.03479339882826449,,,
2024-07-17 00:00:00-04:00,24.37077545750547,24.64771594027392,24.263885498046875,24.263885498046875,736600,0.0,0.0,-0.012262720085520873,,,
2024-07-18 00:00:00-04:00,24.16671698707534,24.225019764070737,23.408773472487685,23.447641372680664,724700,0.0,0.0,-0.03364028920396589,,,
2024-07-19 00:00:00-04:00,23.408769159967907,23.87519499682675,23.146403931705485,23.846044540405273,773300,0.0,0.0,0.016991183095660833,,,
2024-07-22 00:00:00-04:00,23.311598232491168,24.05982422171486,23.311598232491168,23.95293426513672,570500,0.0,0.0,0.004482492874251287,,,
2024-07-23 00:00:00-04:00,23.836328341756037,24.215299122209604,23.55452822563607,23.758590698242188,578600,0.0,0.0,-0.008113559898062062,,,
2024-07-24 00:00:00-04:00,25.26475768897057,25.64372846121342,24.09869120811499,24.195863723754883,2976500,0.0,0.0,0.018404838530470924,,,
2024-07-25 00:00:00-04:00,24.351339466005868,25.7506188987019,24.29303669688859,25.28419303894043,1897000,0.0,0.0,0.044979973751342106,,,
2024-07-26 00:00:00-04:00,25.352210179755733,25.954676379082585,25.352210179755733,25.634008407592773,1381200,0.0,0.0,0.013835338470703507,,,
2024-07-29 00:00:00-04:00,25.99354976970545,26.171375350384686,25.47853671451674,25.517406463623047,1376000,0.0,0.0,-0.004548720672775786,935130.0,,
2024-07-30 00:00:00-04:00,25.643729575285878,26.217045403715794,25.643729575285878,26.04213523864746,8882400,0.0,0.0,0.020563562201058927,1330420.0,,0.019779694941276817
2024-07-31 00:00:00-04:00,25.993551570355365,26.809797824015167,25.82350103976448,26.14902687072754,1975000,0.0,0.0,0.004104564817766887,1389030.0,,0.019786015524100878
2024-08-01 00:00:00-04:00,27.558021844599303,28.145912896859567,26.780643546332076,27.266504287719727,2089300,0.0,0.0,0.042734952337486254,1465915.0,,0.021404995423247006
2024-08-02 00:00:00-04:00,27.14989792069955,27.14989792069955,26.40167195693506,26.87781524658203,1299900,0.0,0.0,-0.014255184200959503,1485690.0,,0.02155788705036905
2024-08-05 00:00:00-04:00,26.07128547671201,27.081876637422305,25.876940452448796,26.59601593017578,1345600,0.0,0.0,-0.010484457677120362,1510335.0,,0.02143441422716134
2024-08-06 00:00:00-04:00,26.615449286671748,27.60660558681577,26.60573184999447,27.198482513427734,1489400,0.0,0.0,0.02265251249787359,1545235.0,,0.02028947411719243
2024-08-07 00:00:00-04:00,27.324810801214557,27.451133787212054,26.53771501126634,26.55714988708496,924200,0.0,0.0,-0.023579720891639844,1563250.0,,0.02150708571450125
2024-08-08 00:00:00-04:00,26.440542485585006,26.693190310991767,26.081006549999366,26.55714988708496,830900,0.0,0.0,0.0,1583420.0,,0.020966350640394593
2024-08-09 00:00:00-04:00,26.518280234129247,26.586300441581713,25.881801993773827,25.964397430419922,621700,0.0,0.0,-0.022319882185599327,1585050.0,,0.021908811766084668
2024-08-12 00:00:00-04:00,25.983829710581276,26.168457293383465,25.497969016247122,25.653444290161133,779100,0.0,0.0,-0.011976135440542768,1592135.0,,0.02223318597515929
2024-08-13 00:00:00-04:00,25.74090147770089,26.187894316977033,25.63401152307606,26.178176879882812,1094500,0.0,0.0,0.02045466424650555,1617320.0,,0.021407827186647056
2024-08-14 00:00:00-04:00,26.197608437117363,26.236478183322774,25.55627245202017,25.74090003967285,749900,0.0,0.0,-0.016703869112672853,1617985.0,,0.02160101751096519
2024-08-15 00:00:00-04:00,26.178178758870192,26.68347255015684,25.881803393164176,25.954681396484375,596800,0.0,0.0,0.008305123615803378,1611590.0,,0.019799138605888614
2024-08-16 00:00:00-04:00,25.896375040511863,26.158740264355853,25.838072275239252,26.03241729736328,510100,0.0,0.0,0.0029950628054882245,1598430.0,,0.01960972534692572
2024-08-19 00:00:00-04:00,26.119871025915913,26.333650925087078,26.022700366377958,26.2656307220459,408200,0.0,0.0,0.008958577377531363,1590315.0,,0.019634122468595746
2024-08-20 00:00:00-04:00,26.217043991425232,26.226761428229075,25.799203475917746,26.051851272583008,390100,0.0,0.0,-0.008139132531222892,1580890.0,,0.019635008537900657
2024-08-21 00:00:00-04:00,26.139306457407468,26.469691896444353,26.139306457407468,26.31421661376953,444600,0.0,0.0,0.010070890488409923,1454295.0,,0.01941830474131016
2024-08-22 00:00:00-04:00,26.343372323643866,26.49884762638119,26.037279510512096,26.119874954223633,474600,0.0,0.0,-0.007385424479792624,1383175.0,,0.017041054454101447
2024-08-23 00:00:00-04:00,26.178180410593033,26.649464126050407,26.178180410593033,26.50856590270996,324900,0.0,0.0,0.014881041703588949,1330360.0,,0.017081596456353838
2024-08-26 00:00:00-04:00,26.625169129385608,26.790361861004246,26.071288162608898,26.090723037719727,647100,0.0,0.0,-0.01576256016729738,1293915.0,,0.017480900642981145
2024-08-27 00:00:00-04:00,26.100438632334445,26.158741400138496,25.58056780700369,25.682598114013672,631100,0.0,0.0,-0.01564253022486284,881350.0,,0.0172493639296108
2024-08-28 00:00:00-04:00,25.565989018420446,26.236477290351296,25.51740369072882,26.207324981689453,515600,0.0,0.0,0.020431222158534768,808380.0,,0.01785709159815328
2024-08-29 00:00:00-04:00,26.42111067932454,26.459978579339076,25.920672797724958,25.983835220336914,433100,0.0,0.0,-0.00852775937676531,725570.0,,0.014868774654498257
2024-08-30 00:00:00-04:00,26.022704301138898,26.382240243980597,25.876944582969326,26.343372344970703,757500,0.0,0.0,0.013836953690053777,698450.0,,0.015006354084363517
2024-09-03 00:00:00-04:00,26.217045157821865,26.421107632958204,25.944964328855598,26.372520446777344,477700,0.0,0.0,0.001106468125072979,655055.0,,0.014839482102588274
2024-09-04 00:00:00-04:00,26.362805179087008,26.693190658659617,26.323937280355295,26.4891300201416,529800,0.0,0.0,0.004421631735942233,607075.0,,0.013883394148089295
2024-09-05 00:00:00-04:00,26.450255944130404,26.450255944130404,25.818637402344553,26.03241729736328,350000,0.0,0.0,-0.017241514630002897,578365.0,,0.013410636698643237
2024-09-06 00:00:00-04:00,25.99354867580925,26.168458832603537,25.799203645279693,25.90609359741211,330700,0.0,0.0,-0.004852553587636588,553355.0,,0.013437141346130973
2024-09-09 00:00:00-04:00,26.01298326163523,26.707764235983007,26.008123616549415,26.421106338500977,621800,0.0,0.0,0.019879984573988985,553360.0,,0.013250644724933765
2024-09-10 00:00:00-04:00,26.40167416385554,26.52799714782671,26.022703358530276,26.362804412841797,564100,0.0,0.0,-0.0022066421031817773,542610.0,25.268062438964844,0.01292490819817015
2024-09-11 00:00:00-04:00,26.236478468777115,26.236478468777115,25.332777247195615,26.081003189086914,612900,0.0,0.0,-0.010689349256697955,518530.0,25.32947521209717,0.01237851699734026
2024-09-12 00:00:00-04:00,26.168460824611778,26.430826079775105,25.838075359608712,26.391956329345703,523000,0.0,0.0,0.011922591244070802,507185.0,25.393997611999513,0.01200868834845346
2024-09-13 00:00:00-04:00,26.718624316773646,27.074547378671035,26.63086226206829,27.03066635131836,538800,0.095,0.0,0.02420093508803145,504285.0,25.467601547241213,0.012982042239963104
2024-09-16 00:00:00-04:00,27.206189313631892,27.48897855796304,27.157433445258945,27.401216506958008,980700,0.0,0.0,0.013708509839291283,527815.0,25.553863792419435,0.013238850657047854
2024-09-17 00:00:00-04:00,27.518231511271225,27.830275394575043,27.186686396443616,27.352458953857422,621700,0.0,0.0,-0.001779393739259949,538490.0,25.64517562866211,0.013187118059270886
2024-09-18 00:00:00-04:00,27.440220883331676,28.152068838421982,27.332957600718007,27.47922706604004,602900,0.0,0.0,0.0046346148401674725,549130.0,25.749906044006348,0.01297209450012626
2024-09-19 00:00:00-04:00,27.84002645222857,28.181323129594453,27.742514710053115,27.93754005432129,797300,0.0,0.0,0.016678525461425897,566765.0,25.855057220458985,0.0132495285293122
2024-09-20 00:00:00-04:00,27.342710850352255,27.576742381435434,27.157435190775757,27.167186737060547,3288800,0.0,0.0,-0.027574128422290567,707475.0,25.931391563415527,0.014770616618138917
2024-09-23 00:00:00-04:00,27.284199212098056,27.46947485564507,27.128178204874395,27.26469612121582,562000,0.0,0.0,0.0035892337730447643,719330.0,26.004623146057128,0.014467914841665389
2024-09-24 00:00:00-04:00,27.30370190462382,27.762013374167,27.264695723428442,27.64499855041504,426600,0.0,0.0,0.013948529905062346,708305.0,26.082740020751952,0.014122628852278439
2024-09-25 00:00:00-04:00,27.713259106226005,27.771766521476977,27.1476824656874,27.176937103271484,485700,0.0,0.0,-0.016931143848315622,701035.0,26.134976348876954,0.014214758588477264
2024-09-26 00:00:00-04:00,27.66450430839714,27.7620160509534,27.17693815594678,27.371963500976562,396700,0.0,0.0,0.007176172832279892,695090.0,26.197137908935545,0.013653653625225231
2024-09-27 00:00:00-04:00,27.732760598187554,27.99604488158801,27.52798186674599,27.64499855041504,445400,0.0,0.0,0.009974989533678702,695705.0,26.281085052490234,0.013509962218951612
2024-09-30 00:00:00-04:00,27.74251443423862,28.288587996644644,27.73276288813457,27.830276489257812,561000,0.0,0.0,0.006702041908408507,685880.0,26.360769691467286,0.013306700174757179
2024-10-01 00:00:00-04:00,27.71325852834606,27.840024902066023,26.96240625193283,27.401216506958008,567900,0.0,0.0,-0.015417021906534711,690390.0,26.42973533630371,0.013918454098092024
2024-10-02 00:00:00-04:00,27.410969896655544,27.53773627890356,26.845393229861926,26.9624080657959,599400,0.0,0.0,-0.016014195612471527,693870.0,26.493811683654783,0.014471038420895583
2024-10-03 00:00:00-04:00,26.738127206981297,26.952655639131322,26.518722071874894,26.718624114990234,1306200,0.0,0.0,-0.00904162381233764,741680.0,26.54426689147949,0.014037103452384467
2024-10-04 00:00:00-04:00,27.128179950396845,27.128179950396845,26.299317133741003,26.30906867980957,497100,0.0,0.0,-0.015328462776303176,750000.0,26.564764404296874,0.014471261534012724
2024-10-07 00:00:00-04:00,26.299317382217303,26.777131984588074,26.250561511331057,26.699121475219727,432700,0.0,0.0,0.014825792587234154,740545.0,26.586066665649415,0.014162692757371574
2024-10-08 00:00:00-04:00,26.689371387751578,26.952655690463473,26.557728306437017,26.796634674072266,431900,0.0,0.0,0.00365229990593674,733935.0,26.6116512298584,0.014161764248438926
2024-10-09 00:00:00-04:00,26.533346674486456,26.786881273548765,26.396828759574866,26.513845443725586,447600,0.0,0.0,-0.01055316213346369,725670.0,26.621085433959962,0.014155923981266723
2024-10-10 00:00:00-04:00,26.51384866409101,26.552852990267308,26.177426818744166,26.377328872680664,556600,0.0,0.0,-0.005148878586271888,727350.0,26.625651473999024,0.013970972747310064
2024-10-11 00:00:00-04:00,26.69912117466397,27.006288365557804,26.582106341887332,26.952655792236328,431400,0.0,0.0,0.021811417006349698,721980.0,26.619374504089354,0.013762367030523056
2024-10-14 00:00:00-04:00,26.786885439790446,27.098929359419756,26.513849567501207,27.05992317199707,517600,0.0,0.0,0.0039798445313741215,698825.0,26.623016662597657,0.013417936412749572
2024-10-15 00:00:00-04:00,27.186687494040566,27.664503954048875,26.796634949059822,26.825889587402344,710600,0.0,0.0,-0.008648715781902738,703270.0,26.62761413574219,0.013538687520176394
2024-10-16 00:00:00-04:00,27.42072196909618,27.8790334951463,27.42072196909618,27.742515563964844,657500,0.0,0.0,0.03416945311640118,706000.0,26.63849479675293,0.015622707325488556
2024-10-17 00:00:00-04:00,27.586491533316078,27.586491533316078,27.19643715544876,27.5474853515625,967100,0.0,0.0,-0.007030011822564131,714490.0,26.65830150604248,0.015232497683610182
2024-10-18 00:00:00-04:00,27.664502714070434,27.664502714070434,27.284199872332554,27.47922706604004,409700,0.0,0.0,-0.002477840886430993,570535.0,26.67674304962158,0.013865186962071055
2024-10-21 00:00:00-04:00,27.410968416896385,27.430469648554432,26.933153832806326,26.942903518676758,483100,0.0,0.0,-0.01951741750502478,566590.0,26.69631317138672,0.014554012187925042
2024-10-22 00:00:00-04:00,26.78688226920611,27.28419994047684,26.767381037720387,27.27444839477539,463000,0.0,0.0,0.012305462025234526,568410.0,26.728733253479003,0.014472610613930095
2024-10-23 00:00:00-04:00,27.147682189941406,27.381713708485382,26.942903448767193,27.147682189941406,514600,0.0,0.0,-0.004647800864719498,569855.0,26.748123359680175,0.013994747989311232
2024-10-24 00:00:00-04:00,27.22569428534244,27.284201703414336,26.74787967460116,27.04041862487793,326300,0.0,0.0,-0.003951113185759136,566335.0,26.774113731384276,0.01391702644311582
2024-10-25 00:00:00-04:00,27.19643888886315,27.518232469171803,27.18668734280322,27.31345558166504,407700,0.0,0.0,0.010097364266983266,564450.0,26.80128921508789,0.013921908508511454
2024-10-28 00:00:00-04:00,27.479224828564593,27.79126682515505,27.425592261666168,27.654748916625977,429400,0.0,0.0,0.012495428633718664,557870.0,26.833735847473143,0.014138487080575572
2024-10-29 00:00:00-04:00,27.596242778897278,27.90633561765008,27.479227946855737,27.723011016845703,486800,0.0,0.0,0.002468368106523844,553815.0,26.86288345336914,0.013685168866223351
2024-10-30 00:00:00-04:00,27.566990500249855,28.454360742295577,27.508481223251906,27.781518936157227,388300,0.0,0.0,0.002110446057824289,543260.0,26.897476806640626,0.013110053819700557
2024-10-31 00:00:00-04:00,27.7815190629166,28.03992852779286,27.566990626030393,27.57674217224121,382000,0.0,0.0,-0.007370970766090945,497050.0,26.922727317810057,0.013043980287873633
2024-11-01 00:00:00-04:00,27.74251074160225,27.957039147585025,27.620619221401743,27.70350456237793,546700,0.0,0.0,0.004596713757737403,499530.0,26.954399909973144,0.012424182927978155
2024-11-04 00:00:00-05:00,27.68400348843528,28.117937034357027,27.644024569711586,27.859527587890625,572400,0.0,0.0,0.005631887661049939,506515.0,26.981419143676757,0.012116571262943751
2024-11-05 00:00:00-05:00,27.73276180868315,28.395852038610837,27.644999757079944,28.35684585571289,722300,0.0,0.0,0.01785092249871556,521035.0,27.026741600036623,0.01261205667506233
2024-11-06 00:00:00-05:00,27.23544325956126,30.12671044674541,27.23544325956126,29.683025360107422,1191100,0.0,0.0,0.046767525243903485,558210.0,27.106750144958497,0.015560276995052637
2024-11-07 00:00:00-05:00,30.38512309962324,30.463133611230184,29.65377385583914,29.75128746032715,1143100,0.0,0.0,0.002299701576627955,587535.0,27.17762939453125,0.015373080690126186
2024-11-08 00:00:00-05:00,29.839048217706758,30.92144378658242,29.78054080153118,30.68741226196289,827800,0.0,0.0,0.03146501820749936,607355.0,27.271700935363768,0.016028376863215354
2024-11-11 00:00:00-05:00,30.892188412377838,31.340748331890495,30.736167409076298,31.0384578704834,482000,0.0,0.0,0.011439400804597266,605575.0,27.365602645874024,0.01605024589706579
2024-11-12 00:00:00-05:00,30.277857268043793,30.911694753008423,30.121836248337278,30.90194320678711,918600,0.0,0.0,-0.004398242472803737,615975.0,27.456191101074218,0.015859098163969527
2024-11-13 00:00:00-05:00,31.08721647410075,31.116471112264865,30.482635498046875,30.482635498046875,499400,0.0,0.0,-0.013568975450325094,608070.0,27.536061210632326,0.015166119811457579
2024-11-14 00:00:00-05:00,30.424127849631134,30.482635265595974,29.595265040474143,29.80979347229004,804400,0.0,0.0,-0.022072961040391248,599935.0,27.611608734130858,0.016127707738468826
2024-11-15 00:00:00-05:00,29.790289159144123,29.819543795885924,29.214960989308672,29.458744049072266,633500,0.0,0.0,-0.011776311819942431,611125.0,27.68266174316406,0.01645724728324386
2024-11-18 00:00:00-05:00,29.448992246619174,29.965811105822144,29.448992246619174,29.790287017822266,438100,0.0,0.0,0.011254484176165702,608875.0,27.750045356750487,0.015597096139535738
2024-11-19 00:00:00-05:00,29.59526452649647,30.24860321649526,29.59526452649647,30.112083435058594,468400,0.0,0.0,0.010802058303225115,609145.0,27.825030937194825,0.015564382953486179
2024-11-20 00:00:00-05:00,30.024322505285166,30.404623482988743,29.795165834147298,30.385120391845703,566900,0.0,0.0,0.009067355215588435,611760.0,27.91111328125,0.015414894990445564
2024-11-21 00:00:00-05:00,30.45338023709072,31.009205331421306,30.20959717046031,30.628904342651367,504500,0.0,0.0,0.008023135918562518,620670.0,27.995852241516115,0.015249500419235975
2024-11-22 00:00:00-05:00,30.755671781057305,31.16035069400956,30.541141497640407,30.823930740356445,677200,0.0,0.0,0.0063673971332203205,634145.0,28.071717529296876,0.015224163522422498
2024-11-25 00:00:00-05:00,31.204234623654862,31.89657768660689,31.11647256498245,31.223737716674805,886700,0.0,0.0,0.012970668137237684,657010.0,28.14816795349121,0.015234918689240389
2024-11-26 00:00:00-05:00,31.76981434036843,32.637681552862595,31.321250623937647,32.4524040222168,1339100,0.0,0.0,0.039350391573582666,699625.0,28.2501668548584,0.016900993978102588
2024-11-27 00:00:00-05:00,32.28662896351649,32.76931837929693,31.994090036371812,32.0330924987793,2722200,0.0,0.0,-0.01292081545485635,816320.0,28.341244163513185,0.017502093231473167
2024-11-29 00:00:00-05:00,32.052597098653784,33.05698587956846,32.052597098653784,32.77419662475586,550400,0.0,0.0,0.02313557849604453,824740.0,28.437977294921875,0.017486557008537355
2024-12-02 00:00:00-05:00,32.7449459303349,32.7449459303349,31.69180121222344,32.2866325378418,1280100,0.0,0.0,-0.014876461885439007,861410.0,28.5403662109375,0.018258834490294015
2024-12-03 00:00:00-05:00,31.867323600472936,31.867323600472936,30.931195632986388,31.07746696472168,1131300,0.0,0.0,-0.0374509658665364,889355.0,28.616621627807618,0.020885597617923687
2024-12-04 00:00:00-05:00,31.126222835355282,31.404137249701993,30.745921836644907,31.07746696472168,738900,0.0,0.0,0.0,890185.0,28.68527099609375,0.02071915455930928
2024-12-05 00:00:00-05:00,31.184729031235772,31.223735214149382,30.697162904318702,30.726417541503906,605500,0.0,0.0,-0.011295947112300864,860905.0,28.756260604858397,0.018474610541827172
2024-12-06 00:00:00-05:00,31.077466662912663,31.077466662912663,30.550894337580807,30.68741226196289,586800,0.0,0.0,-0.0012694379189610583,833090.0,28.822569580078124,0.01848768564802145
2024-12-09 00:00:00-05:00,30.901941922238976,31.238361883262176,30.63865576495968,30.755672454833984,627400,0.0,0.0,0.0022243710967999597,823070.0,28.884783058166505,0.017116291485989393
2024-12-10 00:00:00-05:00,30.853183808811096,31.038459457171882,30.511889009090133,30.570396423339844,746300,0.0,0.0,-0.006024125525664448,836285.0,28.939585456848146,0.016960174278479418
2024-12-11 00:00:00-05:00,30.716666950804186,31.073564607957778,30.62890489643708,30.765422821044922,722000,0.0,0.0,0.0063795835357953745,826455.0,29.006869583129884,0.017005072114631745
2024-12-12 00:00:00-05:00,30.628906165947964,31.0482133630998,30.355868445498157,30.83368492126465,607300,0.0,0.0,0.0022187928512080735,831850.0,29.084295120239258,0.01671002571778195
2024-12-13 00:00:00-05:00,30.750547796083186,30.907038981567815,30.29085330639026,30.32997703552246,586700,0.095,0.0,-0.016336285689771746,820965.0,29.1565221786499,0.01634366893646908
2024-12-16 00:00:00-05:00,30.261512375063194,30.564713813749403,30.12458118862258,30.32997703552246,484800,0.0,0.0,0.0,813530.0,29.23694034576416,0.01606927583665036
2024-12-17 00:00:00-05:00,30.241949737483694,30.437564647100416,29.41058916989567,29.42037010192871,1134500,0.0,0.0,-0.029990360115618286,848350.0,29.29136531829834,0.01735743068083093
2024-12-18 00:00:00-05:00,29.391029051442857,29.70401329852301,28.598792164933887,28.75528335571289,1346300,0.0,0.0,-0.022606335131461153,892245.0,29.330538291931152,0.01781591198945892
2024-12-19 00:00:00-05:00,28.941115521699633,29.283440679540785,28.491201977402746,28.735719680786133,655200,0.0,0.0,-0.0006803506223447275,896660.0,29.374975776672365,0.01762515395463125
2024-12-20 00:00:00-05:00,28.794403805305656,28.94111404675439,28.109753524515643,28.305368423461914,1592500,0.0,0.0,-0.014976178154047393,951060.0,29.413536567687988,0.01764317178725579
2024-12-23 00:00:00-05:00,28.197780766441383,28.677035229090034,28.051070521225995,28.520544052124023,716300,0.0,0.0,0.007601937040457418,953015.0,29.44489433288574,0.01768269091573831
2024-12-24 00:00:00-05:00,28.569449603006593,28.95089851601214,28.54499820403087,28.716161727905273,223300,0.0,0.0,0.006858833948740317,919845.0,29.478019104003906,0.017429934934859642
2024-12-26 00:00:00-05:00,28.520545477422413,29.047725226129245,28.520545477422413,28.960678100585938,512400,0.0,0.0,0.008514939252590059,878510.0,29.52071487426758,0.014509611560315806
2024-12-27 00:00:00-05:00,28.71616076982425,29.13673153405467,28.598791446925627,28.892213821411133,346500,0.0,0.0,-0.0023640426835661588,759725.0,29.543708839416503,0.014420047347876606
2024-12-30 00:00:00-05:00,28.706379081733093,28.882432128685213,28.432518579194014,28.67703628540039,475600,0.0,0.0,-0.007447595997343792,755985.0,29.566299858093263,0.012805358644868332
2024-12-31 00:00:00-05:00,28.725941181791523,29.048704482012905,28.62813372540157,28.637914657592773,389300,0.0,0.0,-0.0013642144682689539,711445.0,29.589473609924315,0.012700398851009077
2025-01-02 00:00:00-05:00,28.91177407605149,28.93622547442744,28.334712119872826,28.49120330810547,554100,0.0,0.0,-0.005122976000223822,682585.0,29.62043960571289,0.010304857629102179
2025-01-03 00:00:00-05:00,28.65747704329333,29.342127429524457,28.4227402477198,29.234539031982422,625100,0.0,0.0,0.026090008057521485,676895.0,29.65964141845703,0.012328408401887023
2025-01-06 00:00:00-05:00,29.596423914661184,29.938749082602993,29.254098746719375,29.2834415435791,902800,0.0,0.0,0.0016727649286065738,691760.0,29.702356605529786,0.012208438675985716
2025-01-07 00:00:00-05:00,29.21497869428146,29.21497869428146,28.329823855452965,28.60857391357422,1170600,0.0,0.0,-0.023046049044493477,720950.0,29.73371971130371,0.013050806314980356
2025-01-08 00:00:00-05:00,28.324929100539244,28.618351455998734,28.22712351424139,28.530324935913086,543700,0.0,0.0,-0.002735158274492111,716765.0,29.758057098388672,0.012984867605926445
2025-01-10 00:00:00-05:00,27.982606838343575,28.217343611961894,27.620719813064056,27.640281677246094,522500,0.0,0.0,-0.03119639403568919,705575.0,29.757767753601073,0.014371235833769208
2025-01-13 00:00:00-05:00,27.542474553483004,28.35427327159158,27.44466709691721,28.27602767944336,514900,0.0,0.0,0.023000706346658628,695220.0,29.768828086853027,0.015496014230321441
2025-01-14 00:00:00-05:00,28.46186142350234,28.750392391933097,28.46186142350234,28.667255401611328,571100,0.0,0.0,0.013836021332387816,693410.0,29.78654281616211,0.01595606051205656
2025-01-15 00:00:00-05:00,29.52795868364952,29.948529436235745,29.332343772741773,29.733352661132812,692600,0.0,0.0,0.03718867553192973,698705.0,29.82967502593994,0.018044432898985892
2025-01-16 00:00:00-05:00,29.64532440036372,30.124578851925957,29.439930434917876,30.056114196777344,612300,0.0,0.0,0.010855201541615678,705080.0,29.87672721862793,0.01823324439749657
2025-01-17 00:00:00-05:00,29.37146923123617,29.73335441255341,28.95089845387654,29.068265914916992,2701900,0.0,0.0,-0.032866799593350926,783450.0,29.900901985168456,0.01848934800829409
2025-01-21 00:00:00-05:00,29.332343910834496,29.351905775121775,28.882432225359416,29.009580612182617,641300,0.0,0.0,-0.0020188786942484382,748200.0,29.91395668029785,0.01774852303865202
2025-01-22 00:00:00-05:00,29.03892654231993,29.31278520980679,28.853092542580807,29.136734008789062,536000,0.0,0.0,0.004383151838915245,742240.0,29.903030853271485,0.01776555413427882
2025-01-23 00:00:00-05:00,30.310413947942877,30.50602885466672,28.95089612933039,29.146509170532227,942600,0.0,0.0,0.0003354927062249047,709745.0,29.890935287475585,0.01737355236030482
2025-01-24 00:00:00-05:00,28.941115473162654,29.068263857879085,28.58900938391404,28.745500564575195,630200,0.0,0.0,-0.013758375097710163,705440.0,29.85209705352783,0.01764024188155983
2025-01-27 00:00:00-05:00,28.784622040927726,29.488832298818608,28.59878807885804,29.16606903076172,1032000,0.0,0.0,0.014630758133494348,745875.0,29.814649276733398,0.017870844089761702
2025-01-28 00:00:00-05:00,29.08782677355736,29.293222621552797,28.833528129407917,29.254098892211914,752400,0.0,0.0,0.0030182285229232164,757875.0,29.781692390441894,0.01779013030404756
2025-01-29 00:00:00-05:00,29.34212613774016,29.45949546312086,29.02914375742114,29.126951217651367,1259800,0.0,0.0,-0.0043463199816554665,803540.0,29.754578704833985,0.017813339504777058
2025-01-30 00:00:00-05:00,29.606203505484967,30.16370356190475,28.236904761283004,29.527957916259766,1454000,0.0,0.0,0.013767547987150186,852460.0,29.74894199371338,0.017942883780884378
2025-01-31 00:00:00-05:00,29.58664206496808,29.620874394148593,28.75528150160837,29.097606658935547,982300,0.0,0.0,-0.014574365709429715,882110.0,29.741719245910645,0.018298000794429475
2025-02-03 00:00:00-05:00,28.30536971742401,28.950896301725834,28.23201366058525,28.41295623779297,848000,0.0,0.0,-0.023529441069419677,896805.0,29.71417263031006,0.01906657362184057
2025-02-04 00:00:00-05:00,28.44230030791457,28.88243293762207,28.06085327251614,28.88243293762207,660700,0.0,0.0,0.01652333167657627,898585.0,29.68957962036133,0.018489801481167002
2025-02-05 00:00:00-05:00,28.99980125172304,29.28344270269475,28.85602545901573,29.068265914916992,435500,0.0,0.0,0.0064341178492917095,875220.0,29.663242530822753,0.018549034781080873
2025-02-06 00:00:00-05:00,29.175851381321948,29.430150008756332,28.706377853222463,28.90199089050293,458400,0.0,0.0,-0.0057201563003707045,839610.0,29.628704261779784,0.01781625325195602
2025-02-07 00:00:00-05:00,28.980239440524283,28.980239440524283,27.93370389426774,28.021730422973633,682000,0.0,0.0,-0.030456741574108936,846525.0,29.57266025543213,0.01912470807501428
2025-02-10 00:00:00-05:00,28.21734404604025,28.236905910523216,27.786992355025376,27.914142608642578,902500,0.0,0.0,-0.0038394422010016305,865525.0,29.506468353271483,0.017760234579016033
2025-02-11 00:00:00-05:00,27.79677195519013,28.05596011784135,27.689183571211743,27.80655288696289,557400,0.0,0.0,-0.0038543086631067647,867650.0,29.413551330566406,0.01697893301577114
2025-02-12 00:00:00-05:00,27.405543647625908,27.679402271535256,27.141464089837353,27.170806884765625,519300,0.0,0.0,-0.02286317202932897,865060.0,29.316305618286133,0.017305302125114455
2025-02-13 00:00:00-05:00,27.268617529013795,27.297960329385734,26.88717045179015,26.94585418701172,821100,0.0,0.0,-0.008279205645528087,871485.0,29.19973876953125,0.014584948822319423
2025-02-14 00:00:00-05:00,27.13168453882008,27.390872711215344,26.828483104553722,26.9165096282959,810900,0.0,0.0,-0.001089019428078264,881415.0,29.092336311340333,0.014147821794470269
2025-02-18 00:00:00-05:00,26.994755934411206,27.30773830910224,26.90672940833909,27.131685256958008,889500,0.0,0.0,0.007994187642959005,790795.0,29.01342067718506,0.01286565776855676
2025-02-19 00:00:00-05:00,26.896949937234027,27.112124865143905,26.515502880545814,26.525283813476562,686900,0.0,0.0,-0.022350305104100854,793075.0,28.922377014160155,0.013539524890307684
2025-02-20 00:00:00-05:00,26.4176918556822,26.55462116721035,26.12426950387936,26.476375579833984,606000,0.0,0.0,-0.001843834508482467,796575.0,28.837376174926757,0.013398296544552046
2025-02-21 00:00:00-05:00,26.574185746196015,26.857825329851288,25.312473422098645,26.681774139404297,1044200,0.0,0.0,0.007757805027012621,801655.0,28.757263412475584,0.013645340735190657
2025-02-24 00:00:00-05:00,26.76001770713293,26.80403096779027,25.997121810913086,25.997121810913086,857600,0.0,0.0,-0.025659925195157807,813025.0,28.662092399597167,0.014321429706195878
2025-02-25 00:00:00-05:00,26.036245112555854,26.403021656860787,25.821068345962896,26.075366973876953,762000,0.0,0.0,0.003009762524212256,799525.0,28.57219181060791,0.013709388619420733
2025-02-26 00:00:00-05:00,25.997122523111443,26.27098302642869,25.69392108890017,25.86997413635254,792300,0.0,0.0,-0.007876891540210429,801520.0,28.474282836914064,0.013569046017724264
2025-02-27 00:00:00-05:00,25.821071406221538,25.899317003659213,25.424953885359265,25.51786994934082,570700,0.0,0.0,-0.013610534945102337,767065.0,28.367966537475585,0.013665973317010992
2025-02-28 00:00:00-05:00,25.54720739587556,25.943324833752232,25.527645534233752,25.801504135131836,960100,0.0,0.0,0.011115119967070042,742370.0,28.277397079467775,0.013470374544992595
2025-03-03 00:00:00-05:00,25.909096147380886,26.178065253404142,25.185323954681806,25.488525390625,999500,0.0,0.0,-0.01213025189801542,743230.0,28.180568046569825,0.013405492943783594
2025-03-04 00:00:00-05:00,25.292914094645557,25.35159782635428,24.774535845572277,24.82343864440918,743600,0.0,0.0,-0.026093574893918614,738010.0,28.088629417419433,0.01358781614492436
2025-03-05 00:00:00-05:00,24.764753293231664,25.195104983838295,24.500673719528358,24.774534225463867,665800,0.0,0.0,-0.00197009043129992,738265.0,28.009014434814453,0.012515365064538639
2025-03-06 00:00:00-05:00,24.530014769527625,24.95547503096157,24.471331045835136,24.745189666748047,894300,0.0,0.0,-0.0011844645977504564,761205.0,27.92920383453369,0.012178208586209077
2025-03-07 00:00:00-05:00,24.725632372963126,25.019052889033244,24.383307193866557,24.95058822631836,932000,0.0,0.0,0.008300544967991152,784885.0,27.86210823059082,0.012705300336535726
2025-03-10 00:00:00-04:00,24.637602494618093,25.449401135240798,24.637602494618093,24.872339248657227,1018000,0.0,0.0,-0.003136157630888814,801685.0,27.789144134521486,0.011488923509540396
2025-03-11 00:00:00-04:00,24.911462705520925,24.977972296248023,23.80624351786482,23.87470817565918,1148000,0.0,0.0,-0.04011006214672408,813960.0,27.692315063476563,0.013783387516205609
2025-03-12 00:00:00-04:00,23.933392717956572,24.119226699396073,23.175388192127723,23.375892639160156,1103700,0.0,0.0,-0.02089305271624542,841275.0,27.580619354248046,0.014057436800115617
2025-03-13 00:00:00-04:00,23.415017101858194,23.463919899048488,22.48584903106553,22.896638870239258,1510200,0.0,0.0,-0.020502052106366797,890820.0,27.46070785522461,0.013940294600154649
2025-03-14 00:00:00-04:00,23.088142103404817,23.343476946999036,22.754242836637268,23.323835372924805,671600,0.095,0.0,0.018657607568803858,883345.0,27.3536438369751,0.01519974258310069
2025-03-17 00:00:00-04:00,23.166702788957817,23.667551608304258,23.166702788957817,23.579166412353516,782500,0.0,0.0,0.010947214956126272,881925.0,27.252468872070313,0.015680149508522576
2025-03-18 00:00:00-04:00,23.48096156749137,23.51533338167776,23.029216653542626,23.274730682373047,668300,0.0,0.0,-0.012911216819818105,870865.0,27.148139419555665,0.015358051760958242
2025-03-19 00:00:00-04:00,23.235445667591303,23.43185762408862,22.469441284999647,22.773880004882812,844300,0.0,0.0,-0.021519075100170815,878735.0,27.018926239013673,0.015316887726990414
2025-03-20 00:00:00-04:00,22.636394075054948,22.960472537744778,22.567650442533395,22.734600067138672,1047900,0.0,0.0,-0.0017247802190807349,900830.0,26.887949409484865,0.015319217480866783
2025-03-21 00:00:00-04:00,22.508727596532562,22.77388321322156,22.145365987759845,22.734600067138672,1201000,0.0,0.0,0.0,908670.0,26.770469932556153,0.01500822883842527
2025-03-24 00:00:00-04:00,23.019395984228446,23.318923400618676,22.911369211596327,23.284549713134766,625200,0.0,0.0,0.02418998550104301,897050.0,26.665554428100585,0.01600372210088626
2025-03-25 00:00:00-04:00,23.2354461456258,23.382754179467813,22.754238902742813,22.93100929260254,552700,0.0,0.0,-0.015183476807060448,886585.0,26.571368980407716,0.016019266613004977
2025-03-26 00:00:00-04:00,22.744419592419753,23.058677251162422,22.60202100545092,23.029216766357422,606900,0.0,0.0,0.0042827366428466185,877315.0,26.466432762145995,0.016185426325088834
2025-03-27 00:00:00-04:00,22.901546794949876,23.097958754273364,22.695315923471153,23.04885482788086,494400,0.0,0.0,0.0008527455242040016,873500.0,26.354064750671387,0.01613517991277336
2025-03-28 00:00:00-04:00,22.312313955174584,22.533276952670615,22.09626228713589,22.24357032775879,819700,0.0,0.0,-0.0349381566301491,866480.0,26.204269104003906,0.01698549874258485
2025-03-31 00:00:00-04:00,22.01770079581924,22.543100730076333,21.953866616266215,22.439985275268555,595000,0.0,0.0,0.00883018978588379,846255.0,26.05194652557373,0.01731224433484959
2025-04-01 00:00:00-04:00,22.322135085494526,22.675675886944866,21.948954585281808,22.51854705810547,982900,0.0,0.0,0.003500973011934194,858220.0,25.9209521484375,0.016779429933611825
2025-04-02 00:00:00-04:00,22.223927198945077,23.23544558709237,22.16009490545935,23.14706039428711,605200,0.0,0.0,0.027910918700032594,855190.0,25.80370174407959,0.018299176961837818
2025-04-03 00:00:00-04:00,22.31231397963171,22.46944280621815,21.25169346361155,21.48738670349121,1390000,0.0,0.0,-0.0717012727545101,879975.0,25.650714797973635,0.02383896529745654
2025-04-04 00:00:00-04:00,21.025821569585307,21.59541404941387,20.426766731565756,21.27133560180664,1196500,0.0,0.0,-0.010054787241738805,893200.0,25.49321132659912,0.023580675819073978
2025-04-07 00:00:00-04:00,20.77048671485821,22.086442075105584,20.348202280478674,20.888334274291992,997900,0.0,0.0,-0.018005513837227927,892195.0,25.336068000793457,0.023664294837224813
2025-04-08 00:00:00-04:00,21.56594839495094,21.762360339956565,20.297132250184575,20.682098388671875,975800,0.0,0.0,-0.009873256666231067,883585.0,25.16638858795166,0.022468726087149695
2025-04-09 00:00:00-04:00,20.485689377705622,22.842623474218794,20.354093105499484,22.76405906677246,1029000,0.0,0.0,0.10066486673523078,879850.0,25.03658779144287,0.03262969278896412
2025-04-10 00:00:00-04:00,22.351598100637155,22.351598100637155,21.477568730374202,22.05698013305664,997700,0.0,0.0,-0.031061197462270984,854225.0,24.895188369750976,0.03304751446945854
2025-04-11 00:00:00-04:00,21.939133989448862,22.017698404549346,20.976719436187064,21.899850845336914,715200,0.0,0.0,-0.007123789692508153,856405.0,24.74262622833252,0.032727000746036024
2025-04-14 00:00:00-04:00,22.223929633455054,22.341777194479366,21.746650289272598,22.174827575683594,533600,0.0,0.0,0.012556100600348508,843960.0,24.60417064666748,0.03276412786712826
2025-04-15 00:00:00-04:00,22.106084067006503,22.341777317226605,21.683799624607524,21.801647186279297,568800,0.0,0.0,-0.016829009746777812,838985.0,24.471944465637208,0.032840860783167926
2025-04-16 00:00:00-04:00,21.565950650555756,21.615054578504555,21.065103697341257,21.330257415771484,770400,0.0,0.0,-0.02162175025034252,835290.0,24.320900955200194,0.03284395525134418
2025-04-17 00:00:00-04:00,21.467750094266098,22.2337527658236,21.467750094266098,22.076623916625977,744100,0.0,0.0,0.03499097485352576,820100.0,24.181068115234375,0.033913912940914955
2025-04-21 00:00:00-04:00,21.772184064422564,21.86056926429746,21.279191102300892,21.624876022338867,653600,0.0,0.0,-0.02046272545988781,792730.0,24.035525817871093,0.034191886239360654
2025-04-22 00:00:00-04:00,21.732901229107956,21.939133989448862,21.399003869773452,21.899850845336914,776400,0.0,0.0,0.012715671651203575,800290.0,23.913088226318358,0.03382441513742553
2025-04-23 00:00:00-04:00,22.489082201727904,22.901545799887245,21.909669007334468,21.978412628173828,786200,0.0,0.0,0.0035873204521683633,811965.0,23.794373626708985,0.03371500510457481
2025-04-24 00:00:00-04:00,21.84092707347827,22.577469136144177,21.75745320547533,22.46944236755371,650300,0.0,0.0,0.022341456031744533,814135.0,23.6876314163208,0.034119921258724706
2025-04-25 00:00:00-04:00,21.988236628186367,22.18464860769556,21.42846492164566,21.556133270263672,661300,0.0,0.0,-0.040646718434315665,822480.0,23.57533794403076,0.035264109909113196
2025-04-28 00:00:00-04:00,21.595412750095104,21.713260302645182,21.340077947172688,21.565950393676758,636200,0.0,0.0,0.0004554213545631125,813305.0,23.467739868164063,0.03444288266256759
2025-04-29 00:00:00-04:00,21.53649182078826,21.53649182078826,21.15349051899194,21.310619354248047,782000,0.0,0.0,-0.01183954496638251,822655.0,23.355622062683107,0.034442776151332274
2025-04-30 00:00:00-04:00,20.83922977927931,21.1731290033151,20.220535260109088,21.104385375976562,1525400,0.0,0.0,-0.009677521560647384,849780.0,23.235076065063478,0.03445755457274142
2025-05-01 00:00:00-04:00,22.78370204554835,22.78370204554835,20.770485936441027,21.46774673461914,1115600,0.0,0.0,0.01721733905864875,875300.0,23.133925323486327,0.034038245457726865
2025-05-02 00:00:00-04:00,21.644518674976407,22.615770659202944,21.52961753477656,22.33195686340332,1185400,0.0,0.0,0.04025621037304972,865070.0,23.051036949157716,0.03127707602294536
2025-05-05 00:00:00-04:00,22.18464866316683,22.710048555575675,22.165007090542105,22.32213592529297,802400,0.0,0.0,-0.00043977060185196315,845365.0,22.963844184875487,0.03114952817362163
2025-05-06 00:00:00-04:00,22.01769944195791,22.28776451452028,21.821287458390643,21.84092903137207,549200,0.0,0.0,-0.021557385705892385,822930.0,22.880720329284667,0.03128458413979076
2025-05-07 00:00:00-04:00,21.929312783985505,22.28187019196695,21.7329008134293,21.998056411743164,480700,0.0,0.0,0.007194171097090196,798175.0,22.799174118041993,0.03115658044475356
2025-05-08 00:00:00-04:00,22.174826630903528,22.78370223619444,22.052069618581623,22.61675262451172,636300,0.0,0.0,0.028125039830258824,778540.0,22.734109687805176,0.022185131644593667
2025-05-09 00:00:00-04:00,22.538189507241853,22.813164031851894,22.31231516801058,22.577470779418945,522500,0.0,0.0,-0.001736847271796238,754780.0,22.67530170440674,0.02096611327052995
2025-05-12 00:00:00-04:00,23.559528097541353,24.722282657487675,23.559528097541353,24.305891036987305,1246100,0.0,0.0,0.0765550877888388,781325.0,22.645389442443847,0.02673618660971878
2025-05-13 00:00:00-04:00,24.3353516041549,24.391328024410956,23.903246381975524,23.932708740234375,807700,0.0,0.0,-0.015353574003316384,795030.0,22.614273109436034,0.027077946429218246
2025-05-14 00:00:00-04:00,23.77557686468372,24.030911670977872,23.412217163009085,23.981809616088867,984000,0.0,0.0,0.002051622170621492,815790.0,22.59744052886963,0.02663301459746457
2025-05-15 00:00:00-04:00,23.834503173828125,23.96708097865146,23.628270408617343,23.834503173828125,684400,0.0,0.0,-0.006142423971288502,811490.0,22.578639907836916,0.026033533464766515
2025-05-16 00:00:00-04:00,24.04073406416675,24.08001720920345,23.746117968885294,23.962169647216797,570100,0.0,0.0,0.005356372333737536,802790.0,22.56297950744629,0.025116745773920778
2025-05-19 00:00:00-04:00,23.608631151715027,24.129119721380484,23.441681528414684,24.119298934936523,754000,0.0,0.0,0.006557389837108296,807810.0,22.54635372161865,0.02442622026301067
2025-05-20 00:00:00-04:00,24.03091386147043,24.217505058679013,23.69701461304392,23.746118545532227,755900,0.0,0.0,-0.015472273485683696,806785.0,22.523829307556152,0.024813361462732955
2025-05-21 00:00:00-04:00,23.461320694658202,23.595863405445055,23.019396553470486,23.068498611450195,583000,0.0,0.0,-0.028536029279173425,796625.0,22.50770511627197,0.02588143746647214
2025-05-22 00:00:00-04:00,23.07832190937184,23.220720515383597,22.950655420856105,23.107784271240234,765200,0.0,0.0,0.0017030002884772522,802370.0,22.502342948913576,0.025466694934720133
2025-05-23 00:00:00-04:00,22.665854118649705,23.007609212907344,22.665854118649705,22.83280372619629,647700,0.0,0.0,-0.011899909650194496,801690.0,22.501066246032714,0.023700646804285873
2025-05-27 00:00:00-04:00,22.99975323154634,23.220716221894303,22.695316374357642,23.078317642211914,1054100,0.0,0.0,0.010752683680889552,822585.0,22.496155891418457,0.02375103318448187
2025-05-28 00:00:00-04:00,23.117603094742805,23.274731931779204,22.71495834257311,22.72477912902832,741000,0.0,0.0,-0.015319076488354844,820535.0,22.479068145751953,0.02388288752250847
2025-05-29 00:00:00-04:00,22.8229841239087,23.205985413321024,22.78370285292653,23.03903579711914,856900,0.0,0.0,0.013828810669908487,787110.0,22.474354248046875,0.023779385113036716
2025-05-30 00:00:00-04:00,22.842627150100025,23.25509082384855,22.665856736618725,22.754241943359375,1096900,0.0,0.0,-0.012361361658866699,786175.0,22.473961486816407,0.02387670390924063
2025-06-02 00:00:00-04:00,23.093049641680867,23.31892397852062,22.695318101902895,22.940832138061523,815700,0.0,0.0,0.008200237791556209,767690.0,22.478086128234864,0.022279207069950478
2025-06-03 00:00:00-04:00,22.931011825417418,23.598810317260174,22.773882988880708,23.4809627532959,582500,0.0,0.0,0.02354450841119382,756695.0,22.493013381958008,0.022804341899456883
2025-06-04 00:00:00-04:00,23.480960998367628,23.628269037470798,23.284549030814507,23.490781784057617,591200,0.0,0.0,0.0004181698538037182,758795.0,22.497138023376465,0.022088443590044433
2025-06-05 00:00:00-04:00,23.55952541076421,23.780488405980634,23.431858943041018,23.490781784057617,1063700,0.0,0.0,0.0,787945.0,22.508333473205568,0.022090094991925255
2025-06-06 00:00:00-04:00,23.844321428311144,23.9916294603215,23.53988270595005,23.667551040649414,541900,0.0,0.0,0.007525047834370691,783225.0,22.521100158691407,0.0213499947211851
2025-06-09 00:00:00-04:00,23.765757598479965,23.981809259148584,23.59880799196953,23.706832885742188,430600,0.0,0.0,0.0016597342507176371,778630.0,22.534259719848635,0.02132815429938862
2025-06-10 00:00:00-04:00,23.863964549967076,24.4826609955626,23.746118856697894,24.27642822265625,666300,0.0,0.0,0.02402663146356554,749640.0,22.57491687774658,0.013573012824456405
2025-06-11 00:00:00-04:00,24.35499290932808,24.487570720550806,23.697015183143183,23.785400390625,552300,0.0,0.0,-0.020226527046223075,736870.0,22.601825180053712,0.01390335565082072
2025-06-12 00:00:00-04:00,23.618448491329485,24.021091343086155,23.382755251749238,24.011272430419922,465100,0.0,0.0,0.00949624711316388,710925.0,22.6316796875,0.014065985756883734
2025-06-13 00:00:00-04:00,23.740154266357422,24.08521502531512,23.602130714946284,23.740154266357422,489600,0.095,0.0,-0.011291286825725222,701185.0,22.643541564941405,0.014233443434591379
2025-06-16 00:00:00-04:00,23.917612017870177,24.164083697509692,23.592269475963203,23.957046508789062,543700,0.0,0.0,0.009136092377419969,699865.0,22.692934761047365,0.01433446461599461
2025-06-17 00:00:00-04:00,23.671142754610404,24.075356200047445,23.454248331341464,23.533119201660156,523200,0.0,0.0,-0.017695307598679988,688325.0,22.738170433044434,0.014777295101259086
2025-06-18 00:00:00-04:00,23.631706308366716,23.888037106241228,23.53311913108641,23.582412719726562,525500,0.0,0.0,0.0020946444729235125,676805.0,22.792052001953124,0.0143968403312101
2025-06-20 00:00:00-04:00,23.868321155578094,23.868321155578094,23.306365918521866,23.355661392211914,1018000,0.0,0.0,-0.009615272627510718,698555.0,22.845523262023924,0.012993346078864465
2025-06-23 00:00:00-04:00,23.257068007423506,23.828882233056408,23.188056237500003,23.80916404724121,584300,0.0,0.0,0.019417247382278013,689510.0,22.8664253616333,0.013652441543671987
2025-06-24 00:00:00-04:00,24.01620113179952,24.223236440659317,23.77958854434702,23.907752990722656,1455400,0.0,0.0,0.0041407981937471305,729895.0,22.90344081878662,0.013284799538138603
2025-06-25 00:00:00-04:00,23.84860261141508,23.86831891861322,23.2866474270259,23.582412719726562,1425900,0.0,0.0,-0.013608149252769208,748485.0,22.937092056274412,0.013590631964724938
2025-06-26 00:00:00-04:00,23.690860686755364,23.878177826473088,23.562694348601283,23.730295181274414,819400,0.0,0.0,0.006270879205847679,752405.0,22.968201408386232,0.013059147806077094
2025-06-27 00:00:00-04:00,23.799306482726045,24.27746217708848,23.799306482726045,24.124649047851562,1256700,0.0,0.0,0.016618161028537637,772395.0,23.014661445617676,0.013203433557295459
2025-06-30 00:00:00-04:00,24.10493119318011,24.371119179966517,23.690858693209407,23.80916404724121,562900,0.0,0.0,-0.013077288709343882,745695.0,23.06423957824707,0.013246424887582271
2025-07-01 00:00:00-04:00,23.779589564019467,25.2584197093323,23.779589564019467,24.676746368408203,823400,0.0,0.0,0.036439008083004154,746080.0,23.116242027282716,0.015255290441047877
2025-07-02 00:00:00-04:00,24.696461928883362,25.381654788417713,24.52886110892448,25.337289810180664,730700,0.0,0.0,0.026767849857957993,753490.0,23.19049030303955,0.015490481098620277
2025-07-03 00:00:00-04:00,25.37672624672717,25.495033491236953,25.051383674862585,25.297855377197266,542300,0.0,0.0,-0.0015563792843997781,751045.0,23.258450393676757,0.015520270534642326
2025-07-07 00:00:00-04:00,25.15983030044338,25.440807873637723,24.814769562006372,24.972511291503906,562300,0.0,0.0,-0.012860540185814173,725975.0,23.31833236694336,0.015947665336097636
2025-07-08 00:00:00-04:00,24.804911768294843,25.677421813027323,24.804911768294843,25.47531509399414,815600,0.0,0.0,0.02013429072555062,739660.0,23.378449821472167,0.016371949353101562
2025-07-09 00:00:00-04:00,25.455598511163096,25.80065928942613,25.307715857744643,25.711929321289062,616600,0.0,0.0,0.009287980400709772,748960.0,23.461565742492677,0.016407948769185957
2025-07-10 00:00:00-04:00,25.8105155152687,26.796402269065492,25.692208277423997,26.540071487426758,1085600,0.0,0.0,0.03220848018791056,769925.0,23.561048164367676,0.017019044998362928
2025-07-11 00:00:00-04:00,26.264024512420768,26.678097055653975,26.0076937113307,26.451343536376953,1408200,0.0,0.0,-0.0033431692560376147,812720.0,23.663862648010255,0.01611742834361222
2025-07-14 00:00:00-04:00,26.244305434946924,26.347823089721693,25.485172205739232,25.534465789794922,1037100,0.0,0.0,-0.03466280437971336,841320.0,23.752464256286622,0.018397174535792215
2025-07-15 00:00:00-04:00,25.63305774971177,25.63305774971177,24.716182690872525,24.73590087890625,887500,0.0,0.0,-0.03127400108788747,861215.0,23.817827339172364,0.019722772806649375
2025-07-16 00:00:00-04:00,24.913360729443905,24.992231600892765,24.55844086770908,24.795053482055664,943900,0.0,0.0,0.0023913664369450416,881225.0,23.86708927154541,0.01965622309466756
2025-07-17 00:00:00-04:00,24.775333017015882,25.189405524172987,24.740827131455266,25.120393753051758,799500,0.0,0.0,0.013121176416559965,895040.0,23.923054428100585,0.019242484826999477
2025-07-18 00:00:00-04:00,25.376725006585435,25.416161379638087,24.44999092457548,24.7161808013916,1242000,0.0,0.0,-0.016091027697806348,930865.0,23.980559463500978,0.019733057759186063
2025-07-21 00:00:00-04:00,24.923217990813118,25.110535121461957,24.686605393864767,24.72603988647461,541800,0.0,0.0,0.0003988919308459682,907055.0,24.035119132995604,0.01953456968470226
2025-07-22 00:00:00-04:00,24.933080310322406,25.307716500526404,24.79505486725356,25.199268341064453,782500,0.0,0.0,0.019138869659783397,916965.0,24.08676944732666,0.019522378778760494
2025-07-23 00:00:00-04:00,25.42602334579183,25.583765094966182,25.174621140249595,25.514751434326172,570400,0.0,0.0,0.012519533860735566,872715.0,24.145515060424806,0.019637209295975813
2025-07-24 00:00:00-04:00,25.47531491249833,25.7020684238606,25.17461913939931,25.623197555541992,701300,0.0,0.0,0.004250330303822603,836485.0,24.171861190795898,0.01922280644444686
2025-07-25 00:00:00-04:00,25.90910751976384,25.968260205213333,25.28799774103928,25.662635803222656,700700,0.0,0.0,0.0015391618315854227,830550.0,24.206459732055663,0.019226832110222563
2025-07-28 00:00:00-04:00,25.64291410400909,25.780937644638755,25.209123415763386,25.38658332824707,555300,0.0,0.0,-0.010756980580339248,795480.0,24.23455520629883,0.019262957099223342
2025-07-29 00:00:00-04:00,25.357008540060146,25.406304009719744,24.69646429006068,24.913360595703125,763600,0.0,0.0,-0.01864066252733587,805515.0,24.256132354736327,0.019541375865587414
2025-07-30 00:00:00-04:00,24.923220633159698,24.957726523012767,23.976768264594156,24.164087295532227,719200,0.0,0.0,-0.030075159763878978,800305.0,24.26017070770264,0.019107651157680615
2025-07-31 00:00:00-04:00,23.799306526004575,24.28239082780095,23.68100116416006,24.10493278503418,1009300,0.0,0.0,-0.002448034133239685,814235.0,24.25988338470459,0.0179657643081106
2025-08-01 00:00:00-04:00,24.10493320400248,24.262674942823427,23.720436070250305,23.75001335144043,1039600,0.0,0.0,-0.014723933759072994,839100.0,24.259961280822754,0.018175736672270015
2025-08-04 00:00:00-04:00,23.878175558153345,24.35140261043646,23.621844786625317,24.035917282104492,777500,0.0,0.0,0.012038053471103538,849860.0,24.27930965423584,0.0183165487467922
2025-08-05 00:00:00-04:00,24.085216114360293,24.459852291028703,23.907756179990542,24.410558700561523,811900,0.0,0.0,0.015586732724195418,849675.0,24.305365142822264,0.018056978429972233
2025-08-06 00:00:00-04:00,24.449991193042646,24.597875713184145,24.252814966903625,24.48942756652832,662700,0.0,0.0,0.003230932439288292,851980.0,24.338497619628907,0.017908284212946973
2025-08-07 00:00:00-04:00,24.607733730881947,24.61759282457579,23.774660058265475,23.81902503967285,921300,0.0,0.0,-0.027375181597619758,843765.0,24.353311767578123,0.01679015167996541
2025-08-08 00:00:00-04:00,23.838741514378384,23.90775328484733,23.513398967574968,23.641563415527344,514000,0.0,0.0,-0.0074504151135459384,799055.0,24.371647453308107,0.016790606359146934
2025-08-11 00:00:00-04:00,23.651422898630805,23.769730135978786,23.109185938491102,23.2965030670166,629600,0.0,0.0,-0.014595496179584888,778680.0,24.376796798706053,0.015504244415380872
2025-08-12 00:00:00-04:00,23.53311834603713,24.25281524658203,23.464104691641346,24.25281524658203,534400,0.0,0.0,0.0410496020288722,761025.0,24.40676826477051,0.017256521165495267
2025-08-13 00:00:00-04:00,24.21337998719018,24.962654202679715,24.114790928230786,24.89364242553711,508900,0.0,0.0,0.026422795557533796,739275.0,24.44582447052002,0.0182988745868378
2025-08-14 00:00:00-04:00,24.509147798517557,24.657030450569824,24.178874724518554,24.371122360229492,598600,0.0,0.0,-0.020990100860916683,729230.0,24.46362766265869,0.018633190814395864
2025-08-15 00:00:00-04:00,24.420416257192645,24.588017086830558,24.095073691475502,24.10493278503418,706600,0.0,0.0,-0.010922335510887282,702460.0,24.475910682678222,0.018452929752471606
2025-08-18 00:00:00-04:00,24.173942700884,24.331684424835146,23.95704642012892,24.035917282104492,628900,0.0,0.0,-0.0028631277898661933,706815.0,24.48681339263916,0.01845349168077285
2025-08-19 00:00:00-04:00,24.282392070862603,25.154902150958073,24.085215830884646,24.637311935424805,713200,0.0,0.0,0.025020665792025776,703350.0,24.506208610534667,0.01883843540858092
2025-08-20 00:00:00-04:00,24.49928732780279,24.6077335969853,23.87817759147912,23.937332153320312,582500,0.0,0.0,-0.02841136987424453,703955.0,24.51081859588623,0.019508468202665434
2025-08-21 00:00:00-04:00,23.75987204892204,24.15422638939767,23.60213031273179,24.085214614868164,619200,0.0,0.0,0.006177900720124363,699850.0,24.506994323730467,0.0195509175604051
2025-08-22 00:00:00-04:00,24.203520789953277,25.386585731557016,24.14239741648062,24.982372283935547,718500,0.0,0.0,0.03724931180449409,700740.0,24.53093376159668,0.021510948404659464
2025-08-25 00:00:00-04:00,24.87392477078839,24.903502053239112,24.390840440006176,24.45985221862793,687000,0.0,0.0,-0.02091555034761905,707325.0,24.53990535736084,0.02186736536839803
2025-08-26 00:00:00-04:00,24.331687567818438,24.76547830493273,24.223239413432385,24.60773468017578,1001400,0.0,0.0,0.006045926206996066,719215.0,24.557256965637208,0.021551193444750354
2025-08-27 00:00:00-04:00,24.509145643820418,24.775333641940865,24.410556590976284,24.588016510009766,2618000,0.0,0.0,-0.0008012996898044689,814155.0,24.56987636566162,0.020392430098029934
2025-08-28 00:00:00-04:00,24.67674680280754,24.745758576601563,23.917613530213668,24.29224967956543,679900,0.0,0.0,-0.012028901571785156,797685.0,24.585058975219727,0.020590897483239574
2025-08-29 00:00:00-04:00,24.341546958077007,24.48942961012927,24.144368835054024,24.371122360229492,690200,0.0,0.0,0.003246824880546617,780215.0,24.600833168029784,0.020277302749046492
2025-09-02 00:00:00-04:00,24.085214614868164,24.208450463793664,23.897895597981055,24.085214614868164,498100,0.0,0.0,-0.01173141479228268,766245.0,24.61542423248291,0.0203227950911884
2025-09-03 00:00:00-04:00,24.065496436216065,24.331686321292086,23.77959024443168,24.075355529785156,585700,0.0,0.0,-0.00040934179913520996,754935.0,24.62074806213379,0.02000163424108034
2025-09-04 00:00:00-04:00,24.085212335607117,24.464778940029625,23.67113984718526,24.430273056030273,532500,0.0,0.0,0.014741943304057425,748425.0,24.63119846343994,0.020278420085305823
2025-09-05 00:00:00-04:00,24.410557023854086,24.804911361794012,24.055637179493246,24.203519821166992,533900,0.0,0.0,-0.009281649629671707,729055.0,24.64362060546875,0.019372809643685974
2025-09-08 00:00:00-04:00,24.29224992135963,24.31196810847699,23.957048262083806,24.10493278503418,585100,0.0,0.0,-0.004073252025376672,732610.0,24.651113357543945,0.019310098336972708
2025-09-09 00:00:00-04:00,24.095073907945185,24.095073907945185,23.809165833464345,23.917613983154297,499000,0.0,0.0,-0.0077709738313886945,726080.0,24.64697265625,0.019076162414903022
2025-09-10 00:00:00-04:00,23.81902348701296,24.006342494125793,23.30636193093033,23.513399124145508,646100,0.0,0.0,-0.016900300309783733,731665.0,24.641057357788085,0.01704355713729053
2025-09-11 00:00:00-04:00,23.661282841553323,24.28239068875498,23.661282841553323,24.203519821166992,525300,0.0,0.0,0.02935010346134148,732485.0,24.63159282684326,0.01730570832885735
2025-09-12 00:00:00-04:00,24.208468242102903,24.208468242102903,23.5750501930767,23.58494758605957,458000,0.095,0.0,-0.025557118951205382,725455.0,24.59654598236084,0.017607209840037847
2025-09-15 00:00:00-04:00,23.723509663994157,23.921453767803825,23.54536223584731,23.67402458190918,933100,0.0,0.0,0.0037768579100960764,736780.0,24.56406936645508,0.017499293777866798
2025-09-16 00:00:00-04:00,23.69381865162538,23.85217317477909,23.500824194515225,23.832378387451172,594400,0.0,0.0,0.006688926295320252,735055.0,24.541266708374025,0.01756899081963351
2025-09-17 00:00:00-04:00,23.802685805543064,24.13424188062933,22.996068056732106,23.05050277709961,864800,0.0,0.0,-0.0328072841761885,742635.0,24.492770462036134,0.01794071558281048
2025-09-18 00:00:00-04:00,23.198960682884437,23.41174993088183,22.753587399230625,22.77338218688965,1181800,0.0,0.0,-0.012022323022180537,772600.0,24.433999519348145,0.017080830342274998
2025-09-19 00:00:00-04:00,22.79317532990817,22.842660407750287,22.149857991552338,22.179550170898438,1749000,0.0,0.0,-0.02607570588847674,829090.0,24.346789093017577,0.0177429601943584
2025-09-22 00:00:00-04:00,22.16965216045035,22.16965216045035,21.74407370701375,21.753971099853516,1213200,0.0,0.0,-0.019187903621387226,853825.0,24.25284164428711,0.01514046384739489
2025-09-23 00:00:00-04:00,21.862840533356273,22.080577512627126,21.585719197046828,21.753971099853516,1186800,0.0,0.0,0.0,878815.0,24.177231750488282,0.014832318976598901
2025-09-24 00:00:00-04:00,21.684689958278764,21.714382135046172,21.14034659835142,21.36798095703125,1378500,0.0,0.0,-0.017743433649448304,897670.0,24.10987335205078,0.01479125119077095
2025-09-25 00:00:00-04:00,21.2789094842101,21.551081204716986,20.97209782951515,21.061172485351562,1060000,0.0,0.0,-0.014358327644368729,819770.0,24.035195732116698,0.01480627392369951
2025-09-26 00:00:00-04:00,21.08096379809715,21.278907882328973,20.84343202965978,21.0413761138916,1404400,0.0,0.0,-0.000939946314656992,855995.0,23.953615379333495,0.014839564788567329
2025-09-29 00:00:00-04:00,21.14034903479478,21.14034903479478,20.685078377230234,20.873125076293945,1355600,0.0,0.0,-0.007996199330640552,889265.0,23.876754264831543,0.014640481582103437
2025-09-30 00:00:00-04:00,20.62569477296262,20.981993364748835,20.48713504848339,20.94240379333496,1471800,0.0,0.0,0.0033190390412451976,937950.0,23.80108154296875,0.014803642602535517
2025-10-01 00:00:00-04:00,20.774151388650168,20.952300680241404,20.516824843877785,20.625694274902344,967500,0.0,0.0,-0.015122882815076455,957040.0,23.709610061645506,0.014831651230848402
2025-10-02 00:00:00-04:00,20.67518114372036,20.86322784423828,20.536621410567562,20.86322784423828,1262200,0.0,0.0,0.011516391456697361,993525.0,23.61657958984375,0.014591537259022317
2025-10-03 00:00:00-04:00,21.36798247982392,21.86284080147295,21.22942275383729,21.506542205810547,1705100,0.0,0.0,0.03083484331260511,1052085.0,23.53424648284912,0.016939629436340184
2025-10-06 00:00:00-04:00,21.58572012985376,22.090475860086375,21.318498062570992,21.813356399536133,1535700,0.0,0.0,0.014266086607018114,1099615.0,23.45726089477539,0.017521735337992304
2025-10-07 00:00:00-04:00,21.714383746228343,21.981605806024405,21.132429119907858,21.38777732849121,1375500,0.0,0.0,-0.019510022357401735,1143440.0,23.377284774780275,0.017819303041361527
2025-10-08 00:00:00-04:00,21.229423949655086,23.238547640570513,21.1898343755805,22.93173599243164,2268100,0.0,0.0,0.07218883197758386,1224540.0,23.337652282714842,0.024632167655343474
2025-10-09 00:00:00-04:00,22.91194028484691,23.238546706900802,22.68430590626823,22.872352600097656,1957600,0.0,0.0,-0.002589572475175106,1296155.0,23.311817588806154,0.023575746730216056
2025-10-10 00:00:00-04:00,22.931736658815765,23.090091184246223,21.71438553666855,21.971712112426758,1808000,0.0,0.0,-0.03937681896645184,1363655.0,23.269153175354003,0.024470601948868586
2025-10-13 00:00:00-04:00,22.00139971154625,22.20924118055316,21.68469069947345,21.902427673339844,1117500,0.0,0.0,-0.0031533473009474067,1372875.0,23.23220146179199,0.024414761949735842
2025-10-14 00:00:00-04:00,21.714384605486586,22.332957533840077,21.645104739548557,22.25872802734375,984800,0.0,0.0,0.016267619248326648,1392395.0,23.196657676696777,0.024719341305577038
2025-10-15 00:00:00-04:00,22.347801488247356,22.615025432101476,22.179549585198615,22.446773529052734,940200,0.0,0.0,0.008448169251988658,1396165.0,23.157381973266602,0.023816881646633176
2025-10-16 00:00:00-04:00,23.317723423725532,23.723507093608262,23.030706580807475,23.367210388183594,1488200,0.0,0.0,0.041005307864827145,1411485.0,23.134937629699706,0.025429513060271674
2025-10-17 00:00:00-04:00,23.40679871267566,23.466181183916,22.76348325899027,22.981220245361328,923200,0.0,0.0,-0.01651845198507107,1370195.0,23.118181533813477,0.024967882289199165
2025-10-20 00:00:00-04:00,23.070294741622188,23.46618102679833,23.070294741622188,23.3375186920166,641400,0.0,0.0,0.01550389591375989,1341605.0,23.11210063934326,0.024616082057474772
2025-10-21 00:00:00-04:00,23.238546972118716,23.862069531714408,23.179164500449755,23.664125442504883,673700,0.0,0.0,0.013994921859452392,1315950.0,23.119453086853028,0.024701080657712978
2025-10-22 00:00:00-04:00,23.56515390465789,23.837325617372862,23.268239652193337,23.288034439086914,1168800,0.0,0.0,-0.015892875666659756,1305465.0,23.100157470703124,0.024616688237128988
2025-10-23 00:00:00-04:00,23.020810890868027,23.25339492168951,22.10037404894069,22.45667266845703,1324300,0.0,0.0,-0.03569909572250185,1318680.0,23.051418075561525,0.02590999714873489
2025-10-24 00:00:00-04:00,22.55564523916231,22.748639699956883,22.436878400662266,22.65461540222168,709900,0.0,0.0,0.008814428418983056,1283955.0,23.017087936401367,0.02591328783548575
2025-10-27 00:00:00-04:00,22.674409814467563,22.91194159979956,22.525952684601915,22.793176651000977,697200,0.0,0.0,0.006116248116298184,1251035.0,22.990852813720704,0.02576069950362553
2025-10-28 00:00:00-04:00,22.93173412423567,22.93173412423567,22.466567993164062,22.466567993164062,816700,0.0,0.0,-0.014329229437291757,1218280.0,22.959465827941894,0.026111117779382503
2025-10-29 00:00:00-04:00,22.47646654080535,22.733793122956552,22.03109513486799,22.397289276123047,1044400,0.0,0.0,-0.003083635963539,1222125.0,22.91466537475586,0.02578775760329388
2025-10-30 00:00:00-04:00,20.912711186503184,21.397673987718278,20.012069220363088,20.04176139831543,1693900,0.0,0.0,-0.1051702216624385,1243710.0,22.836753959655763,0.035480714257713444
2025-10-31 00:00:00-04:00,19.97248232302374,21.25416546182238,19.90320245947809,21.150245666503906,2163600,0.0,0.0,0.05530872492482852,1266635.0,22.778054580688476,0.03703859997420254
2025-11-03 00:00:00-05:00,21.02158126530222,21.22942274189998,20.58610541393023,21.160140991210938,1159000,0.0,0.0,0.00046785861795939354,1247800.0,22.701609954833984,0.03688372491984461
2025-11-04 00:00:00-05:00,21.10075923168183,21.828201592665195,21.031479366394798,21.694589614868164,1186000,0.0,0.0,0.0252573280999977,1238325.0,22.64630470275879,0.03705038699287403
2025-11-05 00:00:00-05:00,21.694591754132162,22.347804673728835,21.49664764430623,22.139965057373047,1436100,0.0,0.0,0.02052933244700106,1196725.0,22.596949310302733,0.033482954975831467
2025-11-06 00:00:00-05:00,21.951916063330465,22.085528040434582,21.68469210912223,21.93212127685547,1056100,0.0,0.0,-0.009387719446664722,1151650.0,22.543831405639647,0.033532220733385486
2025-11-07 00:00:00-05:00,21.813356226634433,22.545746333009447,21.80840658617256,22.516054153442383,956200,0.0,0.0,0.02662455077718029,1109060.0,22.508307495117187,0.03285393403347367
2025-11-10 00:00:00-05:00,22.53584742011345,22.575435102465203,21.763867793040866,21.912324905395508,810700,0.0,0.0,-0.026813279268764534,1093720.0,22.459131546020508,0.03346035576202117
2025-11-11 00:00:00-05:00,21.99150374854572,21.99150374854572,21.605514850956986,21.93212127685547,843900,0.0,0.0,0.0009034354659047672,1086675.0,22.416069679260254,0.03325679446302928
2025-11-12 00:00:00-05:00,22.011299527976206,22.33790596860829,21.862842398186135,21.872739791870117,681500,0.0,0.0,-0.0027075121569757332,1073740.0,22.372017364501954,0.033197682550792154
2025-11-13 00:00:00-05:00,21.74407364860787,22.050887162612494,21.486747098669152,21.526336669921875,1026800,0.0,0.0,-0.015837207649541774,1050670.0,22.313938636779785,0.03183986990015626
2025-11-14 00:00:00-05:00,21.447158585867484,21.600565336938114,21.12055218659984,21.229421615600586,737300,0.0,0.0,-0.013793106503632857,1041375.0,22.254456672668457,0.031787442425085154
2025-11-17 00:00:00-05:00,21.259113649664307,21.349177474117322,20.516826146077694,20.546518325805664,911400,0.0,0.0,-0.03216777650188485,1054875.0,22.183288383483887,0.03207663414347521
2025-11-18 00:00:00-05:00,20.407958485283807,20.952301896536873,20.2990890479393,20.78404998779297,752100,0.0,0.0,0.011560677007207198,1058795.0,22.12061710357666,0.032001929282086096
2025-11-19 00:00:00-05:00,20.833536948605268,20.863229130855437,20.468331979282226,20.55641746520996,570200,0.0,0.0,-0.0109522697797928,1028865.0,22.06147747039795,0.03194026932503043
2025-11-20 00:00:00-05:00,20.72466802323011,21.090862141505788,20.378266804081793,20.407958984375,748300,0.0,0.0,-0.007222001649179077,1000065.0,21.98556625366211,0.031158575406657153
2025-11-21 00:00:00-05:00,20.506927594855252,21.56592595920343,20.482185057013137,21.427364349365234,911700,0.0,0.0,0.049951362885956696,1010155.0,21.942414588928223,0.03335013721841648
2025-11-24 00:00:00-05:00,21.417467619727056,21.61541170406125,21.23931832137322,21.38777732849121,1186700,0.0,0.0,-0.0018474983777085896,1034630.0,21.89668964385986,0.033292643216536265
2025-11-25 00:00:00-05:00,21.536234251740012,22.313161660913853,21.298702485343043,22.20924186706543,963800,0.0,0.0,0.03840813030533674,1041985.0,21.86422691345215,0.03438816123111007
2025-11-26 00:00:00-05:00,22.12016765531861,22.59523119748959,22.12016765531861,22.298316955566406,1055200,0.0,0.0,0.00401072170919381,1042525.0,21.849183197021485,0.03439125264492726
2025-11-28 00:00:00-05:00,22.456672071161105,22.47646497014738,22.219140293712947,22.37749481201172,338000,0.0,0.0,0.0035508445145473466,974730.0,21.841265449523927,0.023792721800152128
2025-12-01 00:00:00-05:00,22.149858695460054,22.941633180239023,22.080578829185537,22.713998794555664,1058400,0.0,0.0,0.015037607443140422,919470.0,21.85195442199707,0.020911195910014765
2025-12-02 00:00:00-05:00,22.67440883415541,23.347416474033146,22.426979665831816,23.198959350585938,1106700,0.0,0.0,0.02135073442667057,916855.0,21.880854187011717,0.021255705440508046
2025-12-03 00:00:00-05:00,23.73340385051933,25.094264189027108,23.614638914471858,24.91116714477539,1997600,0.0,0.0,0.07380537067694837,957435.0,21.943998107910158,0.02596300307112115
2025-12-04 00:00:00-05:00,24.8517858726118,25.31695202202819,24.82209369330384,25.069522857666016,1228500,0.0,0.0,0.006356816281241073,947055.0,22.01802894592285,0.02577421535672563
2025-12-05 00:00:00-05:00,25.08931893518865,25.70294223725786,24.87158005119296,25.683149337768555,996500,0.0,0.0,0.02447699079022958,944075.0,22.110468482971193,0.025785030202642906
2025-12-08 00:00:00-05:00,25.74252955816512,26.039443789595335,25.534688085976256,25.702939987182617,1455100,0.0,0.0,0.0007705694170832,969020.0,22.20369976043701,0.02546059884959667
2025-12-09 00:00:00-05:00,25.673250842891626,26.202749108147497,25.584176191938795,25.6336612701416,914100,0.0,0.0,-0.0026953615841441847,974190.0,22.298910484313964,0.024323445102561597
2025-12-10 00:00:00-05:00,25.752426580658426,26.697605865328136,25.717786650414087,26.65306854248047,858700,0.0,0.0,0.039768305494708445,974930.0,22.413123779296875,0.025249078881133872
2025-12-11 00:00:00-05:00,26.57389334948144,27.454740594382915,26.227492132449306,26.989574432373047,1108000,0.0,0.0,0.012625408941422389,996255.0,22.54040138244629,0.025072171425239192
2025-12-12 00:00:00-05:00,27.14351504556078,27.292491149247965,26.34897456300649,26.825698852539062,1453500,0.095,0.0,-0.006071810440901992,1017590.0,22.659650802612305,0.02461586959583515
2025-12-15 00:00:00-05:00,26.845564435563407,27.044198620854235,26.588330920825943,26.964744567871094,1080500,0.0,0.0,0.005183302626946107,1034750.0,22.768814849853516,0.02395266339582177
2025-12-16 00:00:00-05:00,27.292490437877138,27.381876476626417,26.492983032582973,26.577404022216797,959100,0.0,0.0,-0.014364702943109653,1037135.0,22.86409580230713,0.022500087912784423
2025-12-17 00:00:00-05:00,26.468154424970788,26.68665447625047,26.267533097196253,26.567472457885742,702600,0.0,0.0,-0.0003736845149643342,1034660.0,22.96768970489502,0.022702778676706985
2025-12-18 00:00:00-05:00,26.795901641971223,27.138548748463897,26.607199469999966,26.7661075592041,756100,0.0,0.0,0.00747662773089286,1043955.0,23.04437713623047,0.02206198368835111
2025-12-19 00:00:00-05:00,26.537676743654423,26.845562838186403,26.16027048802462,26.825698852539062,1942300,0.0,0.0,0.00222637128701475,1103655.0,23.123444061279297,0.02169275200236069
2025-12-22 00:00:00-05:00,26.915086008671224,27.213038228389326,26.860460993044967,27.064062118530273,965600,0.0,0.0,0.00888563117410257,1106350.0,23.225291061401368,0.019985280859341203
2025-12-23 00:00:00-05:00,27.014403053411137,27.16337915779257,26.785971006070064,26.954811096191406,746100,0.0,0.0,-0.004036756265943686,1084320.0,23.3263387298584,0.020070522342196827
2025-12-24 00:00:00-05:00,26.875356813345082,27.093856865911956,26.751209745053515,27.004470825195312,316000,0.0,0.0,0.0018423326665761852,1051930.0,23.42125358581543,0.019166076511403132
2025-12-26 00:00:00-05:00,26.974674366304363,27.183242422372302,26.875356334573627,27.103788375854492,537800,0.0,0.0,0.0036778188064516826,1026060.0,23.514393882751463,0.019171687529975844
2025-12-29 00:00:00-05:00,27.213036687554244,27.342150697966442,26.97467454640931,27.14351463317871,797500,0.0,0.0,0.001465708659369902,1049035.0,23.58991996765137,0.019214081660099643
2025-12-30 00:00:00-05:00,27.073992231231657,27.113718307078862,26.65685801599965,26.666790008544922,637700,0.0,0.0,-0.017563113365248073,1028000.0,23.66363136291504,0.020114400019392454
2025-12-31 00:00:00-05:00,26.736312471432655,26.790937484101164,26.334075291692283,26.348974227905273,554800,0.0,0.0,-0.011918036649248398,1000405.0,23.72386047363281,0.02034741549141998
2026-01-02 00:00:00-05:00,26.627062592502572,26.885288721051968,26.31917839452726,26.78597068786621,723400,0.0,0.0,0.01658495151200734,936695.0,23.786297378540038,0.013145166862283864
2026-01-05 00:00:00-05:00,26.736311349092404,27.987713961419225,26.736311349092404,27.91819190979004,986100,0.0,0.0,0.04226918766982424,924575.0,23.8789005279541,0.015724623197136443
2026-01-06 00:00:00-05:00,27.729489453290487,28.504167847086787,27.729489453290487,28.365121841430664,1376400,0.0,0.0,0.01600855575048543,943570.0,23.997069511413574,0.01529520757199613
2026-01-07 00:00:00-05:00,28.42471464616092,28.603484839905605,27.69174946390511,27.729490280151367,1120400,0.0,0.0,-0.02240891348299734,926835.0,24.098567008972168,0.0164724694866673
2026-01-08 00:00:00-05:00,27.640102400438252,28.548859823039876,27.640102400438252,28.345258712768555,1018700,0.0,0.0,0.022206265834534777,932065.0,24.20960865020752,0.016881428532451812
2026-01-09 00:00:00-05:00,28.285666962906156,28.921301226728396,28.285666962906156,28.692869186401367,815300,0.0,0.0,0.012263443320636336,929895.0,24.334134674072267,0.014921457190259741
2026-01-12 00:00:00-05:00,28.394916858574316,28.682937064323006,28.196280796839172,28.563756942749023,707800,0.0,0.0,-0.004499802470557257,909885.0,24.457464027404786,0.014879598140703403
2026-01-13 00:00:00-05:00,28.573689116657548,28.77232328531976,28.38995009536929,28.603483200073242,549300,0.0,0.0,0.0013907924438596453,864675.0,24.628698463439942,0.014734508970121013
2026-01-14 00:00:00-05:00,28.55382534640625,28.961027573712634,28.29559922030129,28.951095581054688,655400,0.0,0.0,0.012152798963328992,843420.0,24.784715461730958,0.014862856639009013
2026-01-15 00:00:00-05:00,29.03055028013073,29.616524599775797,28.782256141106004,29.596660614013672,794800,0.0,0.0,0.02229846643114386,835205.0,24.953445854187013,0.014782930011334015
2026-01-16 00:00:00-05:00,29.43775111794571,29.695977237582724,29.09014085529382,29.10007095336914,854400,0.0,0.0,-0.016778570634060075,842795.0,25.101555480957032,0.015560509485462342
2026-01-20 00:00:00-05:00,28.831915685764308,29.020617864755454,28.484303517323585,28.59355354309082,637900,0.0,0.0,-0.017406054132650728,836885.0,25.230627250671386,0.016301977567162392
2026-01-21 00:00:00-05:00,28.831916608648598,30.30678253204583,28.80708567884565,30.113113403320312,771600,0.0,0.0,0.053143442207681524,778350.0,25.394247093200683,0.019720913557187317
2026-01-22 00:00:00-05:00,30.053521759059276,30.311747881893297,29.815159621289542,30.281951904296875,846100,0.0,0.0,0.005606809854405315,772375.0,25.549565048217772,0.019709102998677716
2026-01-23 00:00:00-05:00,30.21243080014468,30.331612819941046,29.705910531094517,29.775432586669922,448700,0.0,0.0,-0.016726772409775825,757505.0,25.70682720184326,0.020240069432108612
2026-01-26 00:00:00-05:00,29.785365257842283,29.844955321930595,29.239118899309144,29.715843200683594,943500,0.0,0.0,-0.0020012937112794393,788880.0,25.862501640319824,0.02029161566997122
2026-01-27 00:00:00-05:00,29.586729818554375,29.825091959083444,29.249049645888054,29.348365783691406,462400,0.0,0.0,-0.012366380267605281,785110.0,26.01201416015625,0.020659953517368844
2026-01-28 00:00:00-05:00,29.73570615472452,30.76860877185136,29.705910176547565,30.003862380981445,886700,0.0,0.0,0.02233502887763139,789570.0,26.18156467437744,0.0210388708486962
2026-01-29 00:00:00-05:00,29.68604479230717,30.113110987717494,29.14476352743448,29.507272720336914,1125400,0.0,0.0,-0.016550857830867294,813955.0,26.34712169647217,0.020982294658733185
2026-01-30 00:00:00-05:00,24.29309722181654,27.749353015403074,24.23350715992154,26.656858444213867,2930200,0.0,0.0,-0.09660039757447636,932725.0,26.469328498840333,0.0308563657597886
2026-02-02 00:00:00-05:00,26.81576794040583,28.39491887066534,26.726381895724426,28.384986877441406,1985600,0.0,0.0,0.06482866076826266,995835.0,26.6213472366333,0.03387328049458171
2026-02-03 00:00:00-05:00,27.640102352228133,29.41292228095389,27.640102352228133,29.139799118041992,1354700,0.0,0.0,0.02659195312859075,1014265.0,26.79301486968994,0.033100463604435956
2026-02-04 00:00:00-05:00,29.35829898019303,30.207466390169962,29.35829898019303,30.113113403320312,1348100,0.0,0.0,0.03340154409903562,1012850.0,26.987117958068847,0.033692421788312464
2026-02-05 00:00:00-05:00,29.97406933751158,30.13297743796973,29.288776970327074,29.715843200683594,1351000,0.0,0.0,-0.01319259809890383,1024380.0,27.152887535095214,0.033380359224255585
2026-02-06 00:00:00-05:00,29.129868726718357,29.556934954976178,29.020618697815014,29.278844833374023,1095000,0.0,0.0,-0.014705905006912823,1028195.0,27.31070888519287,0.033341449412607575
2026-02-09 00:00:00-05:00,29.249049645888054,29.61652390216182,28.802119448437363,29.348365783691406,605000,0.0,0.0,0.0023744430735921362,1017680.0,27.45349136352539,0.03325693755442448
2026-02-10 00:00:00-05:00,29.239117495787244,29.874749867108523,29.20435646887648,29.61652374267578,1022900,0.0,0.0,0.009137066130386895,1033435.0,27.599855499267576,0.033263690641509136
2026-02-11 00:00:00-05:00,29.666184189014576,30.262088599670793,29.398026067618925,29.5172061920166,649100,0.0,0.0,-0.0033534506453931634,1038425.0,27.742649726867675,0.03328777307343692
2026-02-12 00:00:00-05:00,29.97406823915392,30.470656508472352,27.501058885268204,28.37505340576172,1418500,0.0,0.0,-0.0386944746337069,1076580.0,27.8558708190918,0.03440337698296709
2026-02-13 00:00:00-05:00,28.464440193318918,28.891506419241807,27.977783903926355,28.53396224975586,726900,0.0,0.0,0.0056003011420544535,1073185.0,27.962570877075194,0.03402320835657482
2026-02-17 00:00:00-05:00,28.64321117040602,28.970959348315866,28.48430307774269,28.603483200073242,747100,0.0,0.0,0.002436428201203489,1067820.0,28.03641719818115,0.03383292916021978
2026-02-18 00:00:00-05:00,28.52402854522353,28.841846618103894,28.315462388427573,28.573688507080078,743600,0.0,0.0,-0.0010416456200371682,1073105.0,28.106500511169433,0.033594682596618124
2026-02-19 00:00:00-05:00,28.41478111190107,28.926266418347666,28.196281063062607,28.821983337402344,915700,0.0,0.0,0.00868963173098014,1080310.0,28.16927719116211,0.031322909651129376
2026-02-20 00:00:00-05:00,28.66307423186272,29.735704769940025,28.454506183004835,29.110002517700195,843100,0.0,0.0,0.009993038193318426,1080160.0,28.237418441772462,0.03139212619492621
2026-02-23 00:00:00-05:00,28.901439714044454,28.970961773612945,26.9349504819612,26.964744567871094,1243200,0.0,0.0,-0.07369487338672298,1119885.0,28.26404010772705,0.03520070439018128
2026-02-24 00:00:00-05:00,27.05412769001445,27.431535821641223,26.88528760888328,27.252763748168945,776100,0.0,0.0,0.010681324259271152,1111515.0,28.27603401184082,0.03535894726021586
2026-02-25 00:00:00-05:00,27.371943738999697,27.371943738999697,26.537675329604404,26.72637939453125,793600,0.0,0.0,-0.019314898059579755,1128075.0,28.270770111083984,0.03548243563703709
2026-02-26 00:00:00-05:00,26.895221088335816,28.091998763771898,26.895221088335816,27.87846565246582,627500,0.0,0.0,0.04310670895326396,1115115.0,28.29182544708252,0.03658245147544489
2026-02-27 00:00:00-05:00,27.461329578141275,28.360154983829922,27.461329578141275,28.18634796142578,791000,0.0,0.0,0.01104373220528121,1098395.0,28.316257514953612,0.036565454559756294
2026-03-02 00:00:00-05:00,27.709625507159647,28.245941756169483,27.19317324389105,27.967851638793945,760300,0.0,0.0,-0.007751849332551242,989900.0,28.344066467285156,0.02904445043028705
2026-03-03 00:00:00-05:00,27.242833139690113,27.838739450090184,26.79590293330657,27.749353408813477,725000,0.0,0.0,-0.0078124781553614575,926870.0,28.36770408630371,0.025162876529077383
2026-03-04 00:00:00-05:00,27.987715569498384,28.404849797574443,27.650035389897102,28.05723762512207,654500,0.0,0.0,0.01109518523811115,891860.0,28.39352668762207,0.02450415803035187
2026-03-05 00:00:00-05:00,27.75928491855355,27.92812500532295,26.875356514015447,27.14351463317871,554900,0.0,0.0,-0.032566391750741164,852200.0,28.399883003234862,0.023978964558062515
2026-03-06 00:00:00-05:00,27.213036870075843,27.213036870075843,25.26144481363233,25.465045928955078,673500,0.0,0.0,-0.061836822788304935,818325.0,28.36790267944336,0.02712513707071362
2026-03-09 00:00:00-04:00,25.514707078291597,25.698444216673614,24.402348466130547,25.614025115966797,1397600,0.0,0.0,0.005850340401009069,833455.0,28.34108695983887,0.027220259762420262
2026-03-10 00:00:00-04:00,25.58422741255419,26.339041795960355,25.25647923634279,25.653749465942383,1072400,0.0,0.0,0.0015508827603523123,856825.0,28.31407253265381,0.027207061719716274
2026-03-11 00:00:00-04:00,25.554432499094887,25.5643644920402,24.223575753766397,24.96845817565918,2305500,0.0,0.0,-0.02671310449932429,920955.0,28.271365928649903,0.027314182902433114
2026-03-12 00:00:00-04:00,24.3924145664718,24.82941276148746,23.56311308951837,23.587942123413086,1108400,0.0,0.0,-0.055290400493848146,943920.0,28.20025447845459,0.029236742430266093
2026-03-13 00:00:00-04:00,23.976921108882895,24.495555208101326,23.358547122044204,23.647785186767578,1115500,0.1,0.0,0.0025370192550664417,928770.0,28.139874382019045,0.02860828110656967
2026-03-16 00:00:00-04:00,23.89712848639148,24.02678843408869,23.5380744133815,23.827312469482422,784100,0.0,0.0,0.007591716572903362,931630.0,28.089441146850586,0.028663981061748604
2026-03-17 00:00:00-04:00,24.146472246967264,24.44568619085298,23.687680196290437,23.99686622619629,793600,0.0,0.0,0.007115941293464267,933955.0,28.033659057617186,0.028777445970874897
2026-03-18 00:00:00-04:00,23.85723386002686,24.056709819826672,23.528099857997788,23.757495880126953,1259800,0.0,0.0,-0.009975066903028629,959765.0,27.950445137023927,0.028727515906373458
2026-03-19 00:00:00-04:00,23.468258015331276,23.68768005095957,23.139124010716955,23.54804801940918,1317400,0.0,0.0,-0.008816074799068985,979850.0,27.854103660583498,0.028432235521478385
2026-03-20 00:00:00-04:00,23.577969223820897,23.687681198120117,23.248835203267088,23.687681198120117,1792700,0.0,0.0,0.005929713520027136,1027330.0,27.77326747894287,0.028298612183198877
2026-03-23 00:00:00-04:00,24.455659754157185,25.034137752802625,24.206315756424775,24.375869750976562,1025400,0.0,0.0,0.029052592657784482,1016440.0,27.693879699707033,0.02526447195471761
2026-03-24 00:00:00-04:00,24.006841361840035,25.502905445733788,24.006841361840035,25.203693389892578,1202600,0.0,0.0,0.03396078365092392,1037765.0,27.624096183776857,0.026516893065369584
2026-03-25 00:00:00-04:00,25.532827237117687,25.881909234767203,25.093981242862757,25.78217124938965,782400,0.0,0.0,0.022952106683263196,1037205.0,27.568464469909667,0.02687720248160896
2026-03-26 00:00:00-04:00,25.453037066834035,25.851987103454164,25.38322104821849,25.662485122680664,715600,0.0,0.0,-0.004642205094026686,1041610.0,27.509644508361816,0.024747466985658207
2026-03-27 00:00:00-04:00,25.433089176718923,25.517865227516275,25.05408711621479,25.373247146606445,615500,0.0,0.0,-0.011270848270987899,1032835.0,27.43808753967285,0.024543483498191555
2026-03-30 00:00:00-04:00,25.622590446236693,25.931776479295106,25.22364041933168,25.55277442932129,774400,0.0,0.0,0.0070754555645768935,1033540.0,27.357209815979004,0.024678027306303054
2026-03-31 00:00:00-04:00,26.071408577434415,26.624952573405917,25.582694555477325,26.29083251953125,986600,0.0,0.0,0.02888367727940544,1046620.0,27.301025047302247,0.025737563791651378
2026-04-01 00:00:00-04:00,26.470359743702915,27.018915778425473,26.3008057489506,26.430463790893555,652800,0.0,0.0,0.005311025098142963,1046535.0,27.2577632522583,0.025610410002475967
2026-04-02 00:00:00-04:00,26.081382073264994,27.188470044295855,25.802118010189645,26.959074020385742,746800,0.0,0.0,0.020000036082390427,1056130.0,27.19468246459961,0.025071913712201712
2026-04-06 00:00:00-04:00,26.72967596794849,27.33807593507985,26.56012197230584,27.208417892456055,698500,0.0,0.0,0.009248977612575482,1057380.0,27.133211784362793,0.020465272136259167
2026-04-07 00:00:00-04:00,27.138600196126102,27.622328167536406,27.113666176457727,27.367998123168945,966300,0.0,0.0,0.0058651051062081905,1035815.0,27.085063095092774,0.020465360978103996
2026-04-08 00:00:00-04:00,28.425216154459466,29.033616126515447,28.245688169108934,28.395294189453125,1165200,0.0,0.0,0.03753639786369689,1040455.0,27.058652114868163,0.02182031476083812
2026-04-09 00:00:00-04:00,28.275610099068313,28.584796127708916,27.966424070427706,28.02626609802246,1192700,0.0,0.0,-0.01299610030339926,984815.0,27.032210121154787,0.020959124634447816
2026-04-10 00:00:00-04:00,28.16589887115896,28.594770868620344,27.996344869891523,28.215768814086914,667600,0.0,0.0,0.006761611247166011,962775.0,26.996448249816893,0.015213435900888105
2026-04-13 00:00:00-04:00,27.996345576023437,28.12101758297213,27.228365556656964,28.03624153137207,887000,0.0,0.0,-0.006362657842065023,951350.0,26.9670276260376,0.01554229089678954
2026-04-14 00:00:00-04:00,28.12600465295789,28.505006705251713,27.776922663900223,28.09608268737793,787200,0.0,0.0,0.00213442147510734,951505.0,26.99581211090088,0.015609811810312978
2026-04-15 00:00:00-04:00,27.577446994080507,28.086109000337178,27.08873296509127,27.268260955810547,1251900,0.0,0.0,-0.029463955554888788,974420.0,26.97347759246826,0.01776146646420089
2026-04-16 00:00:00-04:00,27.45776288180629,28.73440298694018,27.45776288180629,28.624692916870117,1060600,0.0,0.0,0.0497439848935628,964460.0,26.963175468444824,0.019744610980483326
2026-04-17 00:00:00-04:00,29.113407401343984,29.8614394380523,28.664587418381455,29.312881469726562,5451100,0.0,0.0,0.024041779412447672,1171145.0,26.94717082977295,0.019501924212593384
2026-04-20 00:00:00-04:00,28.943853284246572,30.11078333306225,28.83414131053978,29.931255340576172,850600,0.0,0.0,0.021095635769831977,1124040.0,26.9514790725708,0.01958138810018702
2026-04-21 00:00:00-04:00,30.11078221383397,30.51970622492182,29.70185820274612,30.1606502532959,868900,0.0,0.0,0.007664059195297002,1116215.0,26.96911518096924,0.019177875421740005
2026-04-22 00:00:00-04:00,30.569575654411675,30.619445598485004,29.602121567515365,29.761701583862305,646400,0.0,0.0,-0.013227455843396352,1088405.0,26.977381896972656,0.019090988620559936
2026-04-23 00:00:00-04:00,30.09083551507547,30.729155578547786,29.90133353285318,30.050939559936523,1094500,0.0,0.0,0.009718462341919754,1104010.0,26.98607021331787,0.018791348018988296
2026-04-24 00:00:00-04:00,30.100808283189576,30.400020325222393,29.871412257474834,30.200546264648438,974500,0.0,0.0,0.004978436844329748,1116955.0,26.999737014770506,0.01857648534003676
2026-04-27 00:00:00-04:00,30.190572657417558,30.754088740438423,30.170624680405194,30.47981071472168,797300,0.0,0.0,0.009246999959074742,1126045.0,27.041832160949706,0.017994071583123435
2026-04-28 00:00:00-04:00,30.619444575610004,30.94857858612348,30.310256639715686,30.76905059814453,715100,0.0,0.0,0.009489556419165934,1123080.0,27.08653392791748,0.017986015597164513
2026-04-29 00:00:00-04:00,30.898707971387235,31.477185974319013,30.13072799611843,30.29030990600586,872900,0.0,0.0,-0.015559163602127613,1117395.0,27.12027046203613,0.018207066568580822
2026-04-30 00:00:00-04:00,30.370100893366043,31.12810500257593,30.080860931360743,31.008420944213867,1013800,0.0,0.0,0.023707616080402838,1135445.0,27.16896511077881,0.018564541857345147
2026-05-01 00:00:00-04:00,33.25251654996165,33.25251654996165,31.108158494461165,31.387422561645508,1716500,0.0,0.0,0.012222538455392229,1183930.0,27.220273895263674,0.01838452572015053
2026-05-04 00:00:00-04:00,31.108157815455957,31.108157815455957,29.782644646372987,29.881383895874023,1128000,0.0,0.0,-0.047982234374727484,1205405.0,27.23570152282715,0.022203286332158727
2026-05-05 00:00:00-04:00,30.00107043235279,30.584536389904045,29.866424442148656,29.951202392578125,937800,0.0,0.0,0.002336521526157931,1203980.0,27.29543067932129,0.022209489466705076
2026-05-06 00:00:00-04:00,30.439916182615136,31.347528196571407,30.439916182615136,30.818918228149414,1130600,0.0,0.0,0.028970985010815742,1202250.0,27.366753768920898,0.021618803939359745
2026-05-07 00:00:00-04:00,30.9884723567846,31.028368310348828,30.290310290504618,30.5695743560791,1009700,0.0,0.0,-0.008090610780834173,1193100.0,27.443617668151855,0.021439013078564707
2026-05-08 00:00:00-04:00,30.719181472175077,30.933617474366454,30.529681393022013,30.669313430786133,679300,0.0,0.0,0.003262690986313821,1193685.0,27.499434623718262,0.02143447470484514
2026-05-11 00:00:00-04:00,30.699235606658473,30.734143616337875,29.761701583862305,29.761701583862305,865800,0.0,0.0,-0.029593484346237764,1192625.0,27.53094169616699,0.022643539631310772
2026-05-12 00:00:00-04:00,29.781649300051193,29.89135937136171,28.51498126686602,28.864063262939453,713100,0.0,0.0,-0.030160853484586303,1188920.0,27.548865928649903,0.023845754322211924
2026-05-13 00:00:00-04:00,28.943852155204556,29.312880212169706,28.764324169721508,29.09345817565918,586200,0.0,0.0,0.007947422739135401,1155635.0,27.575748023986815,0.02271982413289804
2026-05-14 00:00:00-04:00,29.332828090402902,33.17272417933963,28.963800034676353,33.12285614013672,3210800,0.0,0.0,0.13849841913426109,1263145.0,27.67706039428711,0.036635816543997855
2026-05-15 00:00:00-04:00,32.65409361817811,32.843593698380026,31.25776562343309,31.856191635131836,2333800,0.0,0.0,-0.03824140344799554,1107280.0,27.771313934326173,0.037821967863140564
2026-05-18 00:00:00-04:00,31.87613686426988,32.61419679725834,31.61682077168278,32.28506088256836,1159600,0.0,0.0,0.013462665353995318,1122730.0,27.907714233398437,0.037687301787158844
2026-05-19 00:00:00-04:00,32.01576718648111,32.629155083460674,31.54700116438007,32.07561111450195,892800,0.0,0.0,-0.0064875134920218125,1123925.0,28.03694595336914,0.03775622195251745
2026-05-20 00:00:00-04:00,32.305009103969205,33.56668917711451,32.075613072914386,33.51183319091797,1054300,0.0,0.0,0.0447761407035725,1144320.0,28.194107627868654,0.038603725962874536
2026-05-21 00:00:00-04:00,33.06301762014919,33.38217765216777,32.314985581726695,33.25251770019531,796200,0.0,0.0,-0.007738027616851828,1129405.0,28.359788818359377,0.03872725252818341
2026-05-22 00:00:00-04:00,33.38217486959273,33.576662878996,32.96327498455599,33.31235885620117,583400,0.0,0.0,0.0017995977491205295,1109850.0,28.554277153015136,0.03873711781960464
2026-05-26 00:00:00-04:00,33.910786519229646,34.6937265852067,33.481914502993774,34.54910659790039,857500,0.0,0.0,0.03712579307391173,1112860.0,28.772303581237793,0.03937191337240285
2026-05-27 00:00:00-04:00,34.91813371748462,35.23729755271003,34.6588176194306,34.898189544677734,818600,0.0,0.0,0.010103964505946417,1118035.0,28.9937211227417,0.039374208152275665
2026-05-28 00:00:00-04:00,34.50920750147108,35.656191404179815,34.120231476720924,35.35697937011719,648700,0.0,0.0,0.013146522253026705,1106825.0,29.220923385620118,0.03902958640141196
2026-05-29 00:00:00-04:00,34.99792467191507,35.70606073254344,34.88821270103425,35.24726867675781,1189000,0.0,0.0,-0.0031029430486955167,1115585.0,29.450718841552735,0.03893839802870036
2026-06-01 00:00:00-04:00,35.00789858318902,36.3543585623503,34.628898415443864,36.274566650390625,916700,0.0,0.0,0.029145463242949532,1075595.0,29.705249214172362,0.03923799662924536
2026-06-02 00:00:00-04:00,36.144909578316714,36.474041695033755,35.59634970930885,36.29451370239258,814300,0.0,0.0,0.0005498908420933368,1059910.0,29.957385864257812,0.037035186923033744
2026-06-03 00:00:00-04:00,35.9554063687252,36.79320241519611,35.9554063687252,36.444122314453125,839400,0.0,0.0,0.004122072368493601,1054990.0,30.198750915527345,0.037016910202685126
2026-06-04 00:00:00-04:00,35.92548331808322,37.0126232903445,35.885587365689474,37.002647399902344,826200,0.0,0.0,0.015325518903434254,1039770.0,30.43472999572754,0.036783071717954675
2026-06-05 00:00:00-04:00,36.96275778326925,37.73572193921879,36.872993786580324,37.112361907958984,1463500,0.0,0.0,0.002965044821547913,1062460.0,30.661333808898927,0.03658270269039954
2026-06-08 00:00:00-04:00,37.41157459414959,38.92758667235122,37.21210242452623,38.658294677734375,1336800,0.0,0.0,0.04165546708154566,1095335.0,30.92125,0.037193694831183975
2026-06-09 00:00:00-04:00,38.4687940957736,39.16695809446338,37.08742993514068,37.93021011352539,1178400,0.0,0.0,-0.018833851060386597,1110965.0,31.172389259338377,0.036629916856879385
2026-06-10 00:00:00-04:00,37.042545214707324,37.80055312954961,36.1249610916418,36.9627571105957,1744700,0.0,0.0,-0.02550613350240072,1162545.0,31.40058891296387,0.03635633538948259
2026-06-11 00:00:00-04:00,37.29189015778089,38.31918627886137,37.29189015778089,38.01000213623047,989200,0.0,0.0,0.028332438040304275,1182695.0,31.63497230529785,0.03649167266029718
2026-06-12 00:00:00-04:00,38.20000076293945,38.900001525878906,37.86000061035156,38.439998626708984,989600,0.1,0.0,0.011312719450458752,1071635.0,31.875163002014162,0.02178088926551492
2026-06-15 00:00:00-04:00,38.529998779296875,38.564998626708984,37.349998474121094,37.689998626708984,946300,0.0,0.0,-0.019510926815665464,1002260.0,32.089781494140624,0.020034415406863498
2026-06-16 00:00:00-04:00,37.189998626708984,37.9379997253418,36.689998626708984,37.02000045776367,1041000,0.0,0.0,-0.01777655063299788,996330.0,32.28601314544678,0.020839577975082
2026-06-17 00:00:00-04:00,37.130001068115234,37.130001068115234,35.16999816894531,35.34000015258789,1113000,0.0,0.0,-0.045380882884982765,1007340.0,32.44545318603516,0.02377874399809113
2026-06-18 00:00:00-04:00,35.40999984741211,36.34000015258789,35.349998474121094,35.68000030517578,1514600,0.0,0.0,0.009620830535366887,1030355.0,32.59114730834961,0.02192017718041844
2026-06-22 00:00:00-04:00,35.79999923706055,36.27000045776367,35.30500030517578,35.470001220703125,1246500,0.0,0.0,-0.005885624514476051,1052870.0,32.74002201080322,0.02187464775267863
2026-06-23 00:00:00-04:00,35.4900016784668,35.75,35.18000030517578,35.36000061035156,1098800,0.0,0.0,-0.0031012293928920354,1078640.0,32.882906646728514,0.021921630850474577
2026-06-24 00:00:00-04:00,35.599998474121094,35.68000030517578,34.880001068115234,34.970001220703125,1401200,0.0,0.0,-0.011029394313253116,1105825.0,33.02158184051514,0.020606145455259024
2026-06-25 00:00:00-04:00,35.400001525878906,36.42499923706055,35.380001068115234,36.20000076293945,810600,0.0,0.0,0.0351729911152574,1105425.0,33.18366020202637,0.02192185318740383
2026-06-26 00:00:00-04:00,36.0099983215332,36.540000915527344,35.189998626708984,36.290000915527344,865700,0.0,0.0,0.0024861920080407884,1116275.0,33.364095001220704,0.021767185183238273
2026-06-29 00:00:00-04:00,35.95000076293945,36.900001525878906,35.61000061035156,36.84000015258789,1132800,0.0,0.0,0.015155668867046446,1113465.0,33.52840114593506,0.021944899360271
2026-06-30 00:00:00-04:00,36.77000045776367,36.95000076293945,35.790000915527344,36.529998779296875,679000,0.0,0.0,-0.00841480380040771,1101580.0,33.672743492126465,0.021131385830923385
2026-07-01 00:00:00-04:00,36.150001525878906,36.880001068115234,35.92499923706055,36.790000915527344,86263,0.0,0.0,0.00711749643905879,1065178.15,33.80991840362549,0.021182140969280946
